Date,Ticker,Market Cap,Enterprise Value,Trailing P/E,Forward P/E,PEG Ratio,Price/Sales,Price/Book,Enterprise Value/Revenue,Enterprise Value/EBITDA,Profit Margin,Operating Margin,Return on Assets,Return on Equity,Revenue,Revenue Per Share,EBITDA,Net Income Avl to Common,Diluted EPS,Total Cash,Total Cash Per Share,Total Debt,Total Debt/Equity,Current Ratio,Book Value Per Share,Beta,50-Day Moving Average,200-Day Moving Average,Avg Vol (3 month),Shares Outstanding
2024-07-23,MMM,58090000000.0,69270000000.0,16.99,14.24,1.9,1.78,11.94,2.12,11.33,-21.57,21.7,7.58,-69.29,32650000000.0,58.89,8150000000.0,-7040000000.0,-12.73,10970000000.0,19.83,22260000000.0,451.17,1.64,8.79,1.0,101.38,88.22,4570000.0,553360000.0
2024-07-23,ABBV,306570000000.0,362500000000.0,51.67,15.8,0.46,5.66,38.29,6.66,19.59,11.02,28.29,7.71,56.24,54400000000.0,30.77,26120000000.0,5950000000.0,3.37,18070000000.0,10.23,74360000000.0,924.06,0.94,4.53,0.62,166.25,161.89,5470000.0,1770000000.0
2024-07-23,ACN,207650000000.0,206710000000.0,30.36,25.58,2.15,3.28,7.48,3.21,19.16,10.79,16.45,12.24,26.0,64480000000.00001,102.89,11280000000.0,6950000000.0,10.91,5540000000.0,8.85,4600000000.0,16.08,1.16,44.28,1.23,301.83,329.49,3690000.0,626380000.0
2024-07-23,ADBE,246010000000.0,244030000000.0,49.94,30.58,2.13,12.4,16.57,11.95,32.81,24.86,35.51,15.63,34.22,20430000000.0,45.06,7840000000.0,5080000000.0,11.1,8060000000.000001,18.19,6090000000.0,41.03,1.16,33.06,1.3,510.02,546.18,3360000.0,443400000.0
2024-07-23,AMD,251930000000.0,248900000000.0,225.9,45.66,1.43,11.16,4.48,10.92,60.06,4.9,0.66,0.54,2.01,22800000000.0,14.11,3840000000.0,1120000000.0,0.69,6030000000.0,3.73,3000000000.0,5.34,2.64,34.73,1.68,163.78,152.81,51350000.0,1620000000.0
2024-07-23,AES,12450000000.0,39670000000.0,24.0,9.17,1.25,1.0,4.29,3.17,15.09,4.24,17.63,3.24,-1.48,12510000000.0,18.56,3410000000.0,517000000.0,0.73,2390000000.0,3.36,30480000000.0,391.65,0.78,4.08,1.08,19.37,17.4,7810000.0,710670000.0
2024-07-23,A,38930000000.0,39810000000.0,31.62,23.2,2.86,5.96,6.26,6.04,23.77,18.84,23.71,7.82,20.71,6590000000.0,22.53,1610000000.0,1240000000.0,4.22,1670000000.0,5.73,2730000000.0,43.87,2.15,21.31,1.05,136.72,131.92,2030000.0,291760000.0
2024-07-23,APD,55250000000.0,66890000000.0,22.47,18.52,1.38,4.56,3.7,5.5,14.31,20.32,22.73,5.18,16.12,12150000000.0,54.64,4120000000.0,2460000000.0,11.06,2650000000.0,11.9,14340000000.0,87.78,1.49,67.08,0.82,263.88,257.75,1760000.0,222310000.0
2024-07-23,ABNB,95340000000.0,86300000000.0,20.1,34.48,13.2,9.65,12.07,8.43,36.91,48.23,4.72,4.56,74.91,10240000000.0,16.05,1660000000.0,4940000000.0,7.46,11090000000.0,17.47,2290000000.0,29.0,1.44,12.41,1.19,147.98,144.86,4030000.000000001,441500000.0
2024-07-23,AKAM,14670000000.0,17570000000.0,24.02,15.17,1.26,3.86,3.17,4.52,13.24,16.12,16.97,4.81,14.22,3880000000.0,25.63,1110000000.0,625940000.0,4.01,1670000000.0,10.99,4570000000.0,98.69,3.24,30.4,0.67,92.29,106.63,1740000.0,152320000.0
2024-07-23,ALGN,18770000000.0,18000000000.0,41.14,26.25,1.38,4.85,4.99,4.59,22.03,11.8,15.45,7.02,12.77,3920000000.0,51.54,816780000.0,462280000.0,6.06,898910000.0,11.94,126420000.0,3.36,1.23,49.94,1.66,253.93,267.4,793090.0,75280000.0
2024-07-23,ALLE,11080000000.0,12700000000.0,20.66,18.02,1.75,3.09,8.2,3.51,15.36,14.93,19.25,10.95,45.15,3620000000.0,41.25,836300000.0,540700000.0,6.13,391800000.0,4.48,2160000000.0,160.24,1.3,15.45,1.13,120.32,119.52,666320.0,87440000.0
2024-07-23,LNT,14100000000.0,23740000000.0,20.0,18.02,2.47,3.52,2.07,5.96,13.0,17.53,21.53,2.76,10.62,3980000000.0,15.66,1620000000.0,698000000.0,2.75,32000000.0,0.12,9670000000.0,141.81,0.56,26.59,0.56,51.45,50.01,1490000.0,256380000.0
2024-07-23,GOOGL,2250000000000.0,2170000000000.0,27.86,24.15,1.34,7.22,7.67,6.83,19.97,25.9,32.52,15.61,29.76,318150000000.0,25.37,109720000000.0,82410000000.0,6.52,108090000000.0,8.75,28380000000.0,9.69,2.15,23.65,1.05,178.57,151.58,24860000.0,5870000000.0
2024-07-23,GOOG,2250000000000.0,2170000000000.0,28.12,24.33,1.35,7.29,7.74,6.83,19.97,25.9,32.52,15.61,29.76,318150000000.0,25.37,109720000000.0,82410000000.0,6.53,108090000000.0,8.75,28380000000.0,9.69,2.15,23.65,1.05,180.07,152.99,18410000.0,5620000000.0
2024-07-23,AMZN,1900000000000.0,1950000000000.0,51.13,39.06,1.94,3.27,8.77,3.3,19.76,6.38,10.68,5.95,20.31,590740000000.0,57.13,96610000000.0,37680000000.0,3.58,85070000000.0,8.18,160560000000.0,74.11,1.07,20.83,1.15,187.56,166.19,42170000.0,10410000000.0
2024-07-23,AMCR,14670000000.0,21880000000.0,22.51,14.49,13.41,1.07,3.72,1.59,12.32,4.74,9.91,4.72,15.94,13780000000.0,9.55,1870000000.0,650000000.0,0.45,461000000.0,0.32,7760000000.0,193.56,1.28,2.73,0.87,9.99,9.45,9060000.0,1450000000.0
2024-07-23,AEE,20200000000.0,37300000000.0,17.37,16.42,2.73,2.76,1.77,5.14,10.76,16.37,25.63,2.97,10.35,7020000000.0,26.6,3200000000.0,1150000000.0,4.36,85000000.0,0.32,17180000000.0,148.5,0.6,42.92,0.45,72.36,73.3,1640000.0,266670000.00000003
2024-07-23,AEP,49730000000.0,93480000000.0,17.57,16.81,1.97,2.56,1.93,4.84,12.17,14.57,24.23,2.8,11.31,19320000000.0,37.01,7340000000.0,2810000000.0,5.37,447700000.0,0.85,44190000000.0,170.99,0.54,48.96,0.52,89.59,82.84,2630000.0,527120000.0
2024-07-23,AMT,97770000000.0,143220000000.0,47.37,31.65,2.1,8.73,24.15,12.78,22.2,18.42,43.63,3.9,17.23,11210000000.0,24.05,7000000000.0,2060000000.0,4.42,2390000000.0,5.12,47840000000.0,448.72,0.6,8.67,0.81,195.74,192.79,2210000.0,466980000.0
2024-07-23,AWK,27630000000.0,40240000000.0,28.7,27.03,3.6,6.43,2.76,9.34,16.68,22.27,33.14,3.3,9.81,4310000000.0,22.06,2290000000.0,959000000.0,4.93,656000000.0,3.37,13200000000.0,131.95,0.86,51.37,0.67,131.92,126.02,1130000.0,194820000.0
2024-07-23,AME,40040000000.0,42600000000.0,30.4,25.06,2.51,5.95,4.46,6.32,20.7,19.57,23.34,7.83,15.77,6740000000.0,29.19,2070000000.0,1320000000.0,5.69,373760000.0,1.62,3170000000.0,35.31,1.11,38.74,1.18,169.31,166.16,1210000.0,231470000.0
2024-07-23,AMGN,180230000000.0,234540000000.0,48.0,17.42,2.54,6.11,35.89,7.94,19.43,12.74,13.33,4.88,72.57,29530000000.0,55.15,11660000000.0,3760000000.0,6.99,9710000000.0,18.1,64019999999.99999,1274.79,1.42,9.36,0.58,312.56,289.2,2470000.0,536440000.00000006
2024-07-23,APH,79570000000.0,81910000000.0,40.51,38.31,4.16,6.43,9.17,6.38,26.31,15.87,21.03,10.44,25.44,12840000000.0,10.74,3100000000.0,2040000000.0,1.64,1960000000.0,1.63,4310000000.0,49.17,2.06,7.23,1.26,67.14,54.45,7330000.0,1200000000.0
2024-07-23,ADI,119110000000.0,124810000000.0,56.08,30.3,2.33,11.48,3.38,11.93,26.24,20.45,18.16,3.42,6.01,10460000000.0,21.05,4870000000.0,2140000000.0,4.27,2360000000.0,4.76,8119999999.999999,23.03,1.58,71.04,1.08,229.54,197.96,3140000.0,496220000.0
2024-07-23,ANSS,27820000000.0,27600000000.0,63.98,34.84,2.32,12.52,5.14,12.39,39.6,19.51,9.29,4.97,8.53,2230000000.0,25.64,677690000.0,434570000.0,4.97,1070000000.0,12.26,871830000.0,16.12,2.8,61.97,1.11,324.84,321.21,477430.0,87300000.0
2024-07-23,AAPL,3430000000000.0,3470000000000.0,34.83,30.21,2.35,9.17,46.29,9.1,26.1,26.31,30.74,22.07,147.25,381620000000.0,24.54,129630000000.0,100390000000.0,6.43,67150000000.00001,4.38,104590000000.0,140.97,1.04,4.84,1.24,206.96,187.65,68340000.0,15330000000.0
2024-07-23,AMAT,185030000000.0,183470000000.0,25.69,23.64,2.17,7.08,10.17,6.92,20.52,27.56,28.77,15.67,45.19,26500000000.0,31.8,8100000000.0,7300000000.0,8.69,7560000000.0,9.13,6000000000.0,32.96,2.8,21.98,1.55,228.08,186.3,5130000.0,827970000.0
2024-07-23,APTV,19030000000.0,24850000000.0,6.57,11.95,0.79,0.99,1.71,1.23,9.43,14.87,9.88,5.38,29.25,20130000000.0,72.43,2870000000.0,2980000000.0,10.64,941000000.0,3.46,6770000000.0,59.29,1.29,40.88,1.79,76.23,80.28,3020000.0,272060000.0
2024-07-23,ANET,107250000000.0,102840000000.0,47.6,43.29,2.27,17.91,13.64,16.91,41.17,37.64,42.01,16.81,34.7,6080000000.0,19.56,2500000000.0,2290000000.0,7.19,5450000000.0,17.39,65900000.00000001,0.84,5.01,25.07,1.11,328.3,266.93,2410000.0,313360000.0
2024-07-23,T,133009999999.99998,279540000000.0,9.97,8.33,7.51,1.09,1.27,2.29,6.23,11.13,21.99,4.06,13.03,122320000000.0,17.02,42150000000.0,13410000000.0,1.86,3590000000.0,0.5,152080000000.0,126.1,0.68,14.58,0.72,18.14,16.92,32990000.000000004,7170000000.0
2024-07-23,ATO,18630000000.0,25910000000.0,18.63,17.39,3.11,4.54,1.6,6.39,13.09,24.65,33.77,3.54,9.16,4060000000.0,27.23,1920000000.0,999040000.0,6.63,521120000.0,3.45,7540000000.0,64.86,1.36,77.01,0.67,117.03,114.79,1020000.0,150880000.0
2024-07-23,ADSK,52860000000.0,53480000000.0,53.32,30.4,1.87,9.4,24.46,9.47,39.44,17.66,21.1,8.28,65.21,5650000000.0,26.38,1310000000.0,997000000.0,4.61,1990000000.0,9.21,2610000000.0,120.96,0.69,10.05,1.49,230.38,232.48,2070000.0,215510000.0
2024-07-23,ADP,101500000000.0,101510000000.0,27.71,24.69,2.8,5.43,21.94,5.37,17.74,19.56,29.56,4.96,88.92,18910000000.0,45.97,5490000000.0,3700000000.0,8.95,3290000000.0,8.04,3400000000.0,73.38,1.01,11.29,0.79,244.4,240.86,1500000.0,409290000.0
2024-07-23,AVB,29760000000.0,37600000000.0,31.1,41.67,6.5,10.6,2.54,13.4,18.89,33.81,32.53,2.82,8.35,2830000000.0,19.92,1740000000.0,953640000.0,6.74,300280000.0,2.12,8130000000.000001,69.43,1.18,82.5,0.97,200.41,184.38,627590.0,142190000.0
2024-07-23,AVY,18060000000.0,21110000000.0,32.77,23.87,1.6,2.15,8.19,2.5,17.81,6.56,12.41,8.0,26.1,8449999999.999999,104.85,1340000000.0,554200000.0,6.84,221700000.0,2.75,3240000000.0,147.02,0.87,27.35,0.89,223.88,206.62,447750.0,80550000.0
2024-07-23,BKR,35590000000.0,38880000000.0,19.92,16.81,1.01,1.38,2.31,1.48,10.15,6.95,10.28,4.84,12.19,26210000000.0,26.08,3900000000.0,1820000000.0,1.79,2720000000.0,2.72,6010000000.0,38.62,1.25,15.43,1.4,33.37,32.76,6120000.0,998000000.0
2024-07-23,BALL,19030000000.0,23110000000.0,29.48,20.83,1.46,1.4,2.6,1.66,12.18,30.28,7.72,4.25,11.94,13920000000.0,44.2,2050000000.0,660000000.0,2.08,1720000000.0,5.55,6160000000.0,83.45,1.21,23.35,0.85,65.07,59.93,2130000.0,310380000.0
2024-07-23,BBY,19190000000.0,21960000000.0,15.61,14.9,1.71,0.45,6.23,0.51,8.5,2.9,3.7,7.44,42.31,42830000000.0,197.36,2660000000.0,1240000000.0,5.7,1210000000.0,5.63,3980000000.0,129.27,1.01,14.26,1.5,82.9,76.15,3420000.0,215710000.0
2024-07-23,BIIB,33000000000.0,38870000000.0,28.33,14.93,6.24,3.42,2.17,4.02,18.45,12.07,27.28,4.86,8.05,9660000000.0,66.69,2520000000.0,1170000000.0,8.0,1070000000.0,7.38,6950000000.0,45.66,2.1,104.49,-0.04,227.04,231.84,1080000.0,145600000.0
2024-07-23,BWA,7440000000.0,10280000000.0,11.22,8.38,1.31,0.53,1.27,0.71,6.07,4.26,8.43,5.07,10.92,14410000000.0,62.24,1860000000.0,677000000.0,2.91,1040000000.0,4.55,3880000000.0,64.27,1.54,25.64,1.21,34.24,34.18,2820000.0,227840000.0
2024-07-23,BSX,115070000000.0,123740000000.0,65.77,33.56,1.94,7.84,5.78,8.41,34.06,12.05,17.97,4.54,9.25,14710000000.0,10.06,3740000000.0,1760000000.0,1.19,2330000000.0,1.58,11000000000.0,54.55,1.66,13.56,0.79,76.17,64.73,5870000.0,1470000000.0
2024-07-23,BMY,86500000000.0,134240000000.00002,22.79,84.75,33.8,1.93,5.25,2.95,25.23,-13.5,19.25,5.39,-25.33,45530000000.0,22.21,18170000000.0,-6150000000.0,-3.1,9670000000.0,4.77,57460000000.0,347.21,1.11,8.14,0.44,41.89,48.68,15880000.0,2030000000.0
2024-07-23,AVGO,749720000000.0,813920000000.0,69.39,26.81,1.19,16.99,10.72,19.1,39.88,24.1,31.76,7.43,22.23,42620000000.0,9.79,21290000000.0,10220000000.0,2.32,11110000000.0,27.02,40460000000.0,166.03,1.25,59.22,1.19,153.77,123.49,35910000.0,4650000000.0
2024-07-23,BR,24200000000.0,27690000000.0,34.94,23.98,1.74,3.81,10.67,4.32,18.47,10.92,17.55,7.73,32.77,6400000000.0,54.32,1490000000.0,699000000.0,5.86,236400000.0,2.0,3730000000.0,164.35,1.39,19.21,1.05,200.12,195.57,506300.0,118180000.0
2024-07-23,BF-B,20780000000.0,23440000000.0,20.34,22.88,4.45,4.97,5.85,5.61,15.5,24.51,24.69,8.98,30.18,4180000000.0,8.77,1230000000.0,1020000000.0,2.14,446000000.0,0.94,3200000000.0,90.9,2.59,7.44,0.73,44.57,52.48,2290000.0,303540000.0
2024-07-23,BG,15980000000.0,18810000000.0,9.1,13.4,1.71,0.29,1.51,0.33,5.3,3.22,3.71,6.95,17.35,57630000000.0,391.61,3400000000.0,1860000000.0,12.4,3140000000.0,22.16,5970000000.0,51.76,1.99,74.52,0.66,106.67,101.84,1310000.0,141600000.0
2024-07-23,BXP,10660000000.0,26110000000.0,55.63,28.65,1.33,3.22,1.82,7.89,14.98,5.85,29.67,2.58,3.53,3280000000.0,20.92,1880000000.0,192210000.0,1.22,701690000.0,4.47,16160000000.0,195.18,0.92,37.3,1.2,62.08,62.32,1190000.0,157060000.0
2024-07-23,CZR,7870000000.0,19410000000.0,10.29,107.53,10.23,0.69,1.79,1.7,5.34,6.68,17.91,4.57,19.99,11440000000.0,53.15,3710000000.0,764000000.0,3.54,726000000.0,3.36,25920000000.0,564.91,0.69,20.39,2.98,36.72,41.39,4810000.0,216050000.0
2024-07-23,CPB,13800000000.0,20870000000.0,18.71,14.27,1.63,1.47,3.53,2.22,13.02,7.85,15.28,6.64,19.7,9410000000.0,31.55,1830000000.0,739000000.0,2.47,107000000.0,0.36,7480000000.0,191.16,0.62,13.13,0.16,45.09,43.23,2640000.0,298550000.0
2024-07-23,KMX,12610000000.0,31690000000.0,31.68,26.39,1.2,0.49,2.04,1.22,19.66,1.46,3.15,1.65,6.73,27690000000.0,175.29,963180000.0,403350000.0,2.55,218930000.0,0.7,19540000000.0,316.92,2.5,39.44,1.69,73.15,72.07,2030000.0,156080000.0
2024-07-23,CARR,61270000000.0,77360000000.0,47.55,23.7,1.84,2.57,5.3,3.36,24.95,5.41,9.71,4.33,13.17,23010000000.0,26.96,3050000000.0,1240000000.0,1.43,1310000000.0,1.46,17400000000.0,146.15,1.36,12.83,1.19,64.43,57.5,4100000.0,901010000.0
2024-07-23,CAT,170130000000.0,203020000000.0,15.72,15.92,2.7,2.64,9.64,3.03,12.22,16.79,22.16,10.36,62.79,67000000000.0,132.66,15930000000.0,11250000000.0,22.12,4360000000.0,8.92,37850000000.0,214.52,1.35,36.05,1.11,338.77,311.12,3110000.0,489050000.0
2024-07-23,CBRE,30310000000.0,35530000000.0,30.96,24.69,1.33,0.95,3.67,1.09,19.05,3.06,2.86,3.7,11.84,32470000000.0,105.68,1940000000.0,995000000.0,3.19,1040000000.0,3.46,6380000000.0,70.12,1.15,27.38,1.4,89.61,86.04,1620000.0,306820000.0
2024-07-23,CE,15260000000.0,27620000000.0,7.66,12.41,4.42,1.43,2.16,2.58,10.18,18.6,8.27,2.64,29.3,10700000000.0,98.18,1820000000.0,2000000000.0,18.23,1480000000.0,13.58,13840000000.0,183.76,1.21,64.75,1.29,144.86,144.83,732470.0,109220000.0
2024-07-23,COR,44250000000.0,47430000000.0,24.59,15.22,1.83,0.16,40.86,0.17,12.81,0.67,1.26,2.88,213.15,276540000000.0,1377.24,3940000000.0,1850000000.0,9.15,2070000000.0,10.37,6670000000.0,543.7,0.89,5.43,0.45,226.48,219.5,1510000.0,196930000.0
2024-07-23,CNC,35300000000.0,33630000000.000004,13.05,9.65,0.64,0.23,1.31,0.22,5.92,1.92,4.39,3.67,10.44,142800000000.0,264.74,6130000000.0,2740000000.0,5.07,19670000000.0,36.85,18000000000.0,66.51,1.17,50.26,0.5,70.3,73.5,3810000.0,533660000.0
2024-07-23,CNP,18530000000.0,37060000000.0,20.39,17.89,2.02,2.15,1.85,4.34,11.19,11.03,23.4,2.9,9.26,8539999999.999999,13.52,3090000000.0,904000000.0,1.42,659000000.0,1.03,19160000000.0,191.65,1.25,15.79,0.92,30.1,28.56,5390000.0,639720000.0
2024-07-23,CHRW,10560000000.0,12520000000.0,35.51,25.71,1.78,0.62,7.39,0.72,21.62,1.74,3.17,5.77,21.57,17400000000.0,146.53,567870000.0,303140000.0,2.54,121840000.0,1.04,2090000000.0,145.87,1.37,12.22,0.81,86.06,81.08,1720000.0,117090000.0
2024-07-23,CRL,11730000000.0,14480000000.0,26.75,21.1,1.79,2.85,3.22,3.52,14.35,10.81,14.15,4.95,13.14,4110000000.000001,80.13,949580000.0,444450000.0,8.51,327040000.0,6.35,3080000000.0,83.19,1.75,70.67,1.38,214.39,220.09,509130.0,51510000.0
2024-07-23,CHTR,45080000000.0,142380000000.0,10.13,9.64,0.35,0.86,3.8,2.61,6.8,8.5,22.62,5.31,37.59,54630000000.0,370.45,21130000000.0,4640000000.0,30.89,661000000.0,4.59,97960000000.0,627.74,0.4,82.44,1.04,287.87,331.27,1260000.0,144030000.0
2024-07-23,CVX,287100000000.0,302660000000.0,14.44,12.8,4.62,1.51,1.79,1.55,6.89,10.53,13.91,6.15,12.64,192790000000.0,103.61,41230000000.0,20300000000.0,10.86,6280000000.0,3.4,21830000000.0,13.51,1.23,86.96,1.09,157.74,153.99,7110000.0,1830000000.0
2024-07-23,CMG,73560000000.0,76290000000.0,57.16,48.31,2.7,7.26,21.88,7.48,37.57,12.7,16.54,13.47,44.37,10200000000.0,7.42,1990000000.0,1300000000.0,0.94,1420000000.0,1.03,4160000000.0,123.69,1.65,2.45,1.24,61.97,52.24,16590000.0,1370000000.0
2024-07-23,CHD,24610000000.0,26470000000.0,31.85,29.15,3.74,4.19,6.0,4.45,20.08,13.13,20.29,7.95,20.08,5940000000.0,24.27,1270000000.0,780100000.0,3.16,349700000.0,1.43,2420000000.0,58.95,1.33,16.77,0.52,105.91,99.53,1380000.0,244520000.0
2024-07-23,CTAS,78170000000.0,80500000000.0,50.96,46.3,4.02,8.32,18.11,8.39,31.98,16.38,22.16,14.6,38.42,9600000000.0,94.41,2510000000.0,1570000000.0,15.13,342020000.0,3.38,2670000000.0,61.81,1.74,42.63,1.3,701.7,621.19,402890.0,101250000.0
2024-07-23,CSCO,188630000000.0,201850000000.0,15.82,13.3,5.22,3.45,4.12,3.65,11.79,21.88,21.9,8.4,27.52,55360000000.0,13.65,16680000000.0,12120000000.0,2.96,19520000000.0,4.84,33210000000.0,72.57,0.89,11.35,0.84,46.96,49.26,19740000.0,4030000000.000001
2024-07-23,CLX,16520000000.0,19320000000.0,68.57,20.08,0.41,2.31,181.55,2.68,28.08,3.33,12.9,9.84,118.03,7210000000.0,58.11,1140000000.0,240000000.0,1.94,219000000.0,1.76,3020000000.0,1184.31,0.9,0.73,0.38,134.51,140.04,1270000.0,124190000.0
2024-07-23,CME,71970000000.0,73840000000.0,22.77,20.58,7.94,12.78,2.65,13.13,15.99,56.94,64.59,1.47,11.73,5620000000.0,15.64,3850000000.0,3160000000.0,8.77,1560000000.0,4.33,3870000000.0,14.26,1.01,75.57,0.53,201.36,209.12,2190000.0,360060000.0
2024-07-23,CMS,18350000000.0,33580000000.0,18.73,18.38,2.39,2.45,2.38,4.57,11.5,13.19,20.96,2.9,10.84,7350000000.0,25.13,2580000000.0,959000000.0,3.28,802000000.0,2.69,15810000000.0,185.82,1.35,25.86,0.38,60.89,58.34,2300000.0,298640000.0
2024-07-23,KO,279030000000.0,304660000000.0,26.01,22.99,2.94,6.09,10.56,6.61,19.77,23.41,32.97,8.61,39.31,46070000000.0,10.67,14650000000.0,10780000000.0,2.49,16920000000.000002,3.93,43770000000.0,156.61,1.04,6.14,0.59,63.29,59.95,11560000.0,4310000000.0
2024-07-23,CTSH,37370000000.0,36400000000.0,18.02,16.34,1.32,1.96,2.77,1.89,10.8,10.84,15.08,10.05,16.0,19300000000.0,38.45,3420000000.0,2090000000.0,4.17,2240000000.0,4.51,1280000000.0,9.47,2.35,27.14,1.05,68.32,71.04,3800000.0,497200000.0
2024-07-23,CL,80360000000.0,87970000000.0,31.1,28.01,2.39,4.1,349.4,4.45,19.97,13.22,20.95,15.71,531.67,19750000000.0,23.93,4700000000.0,2610000000.0,3.15,1310000000.0,1.6,8690000000.0,1408.27,1.06,0.28,0.39,95.55,85.18,4140000.0,820440000.0
2024-07-23,CMCSA,155100000000.0,245160000000.0,10.49,9.31,0.71,1.33,1.88,2.01,6.36,12.64,19.33,5.61,18.13,121940000000.0,30.04,37590000000.0,15410000000.0,3.77,6510000000.0,1.66,96570000000.0,115.95,0.6,20.98,1.0,38.68,41.44,20140000.0,3910000000.0
2024-07-23,CAG,14180000000.0,22720000000.0,41.19,11.32,0.74,1.18,1.68,1.89,15.7,2.88,17.86,5.68,4.01,12050000000.0,25.18,2340000000.0,347200000.0,0.72,77700000.0,0.16,8650000000.0,101.66,0.97,17.65,0.31,29.42,28.9,4260000.0,478210000.0
2024-07-23,COP,130770000000.00002,143130000000.0,12.72,12.82,0.72,2.43,2.65,2.59,5.69,18.63,26.53,10.52,21.81,56820000000.0,47.66,24290000000.0,10550000000.0,8.83,6060000000.0,5.18,18420000000.0,37.34,1.35,42.17,1.25,115.05,117.26,5850000.0,1160000000.0
2024-07-23,ED,32730000000.0,57580000000.0,18.06,17.83,8.49,2.26,1.51,3.96,10.75,12.42,27.62,3.08,8.51,14540000000.0,42.04,5260000000.0,1810000000.0,5.24,169000000.0,0.49,25020000000.0,115.77,0.99,62.47,0.34,92.54,90.7,1900000.0,345840000.0
2024-07-23,STZ,44320000000.0,56130000000.0,18.11,17.86,1.54,4.42,4.32,5.55,14.9,24.42,35.45,8.24,25.86,10110000000.0,55.18,3790000000.0,2470000000.0,13.43,73800000.0,0.41,11880000000.0,112.4,1.23,56.22,0.87,253.66,249.55,1140000.0,182190000.0
2024-07-23,COO,18210000000.0,20810000000.0,53.89,22.99,9.38,4.9,2.33,5.58,21.47,9.11,17.16,3.21,4.48,3730000000.0,18.8,987600000.0,339900000.0,1.7,112400000.0,0.56,2990000000.0,38.33,1.95,39.19,0.98,91.92,91.18,1170000.0,199120000.0
2024-07-23,CPRT,50550000000.0,47570000000.0,36.73,32.36,2.97,12.27,7.05,11.42,26.63,33.33,38.78,13.97,21.71,4170000000.0,4.34,1780000000.0,1390000000.0,1.43,3090000000.0,3.21,112030000.0,1.56,7.36,7.45,1.27,53.95,51.37,4360000.0,962300000.0
2024-07-23,GLW,37960000000.0,44880000000.0,61.54,22.57,0.67,3.08,3.38,3.62,17.36,4.96,8.64,2.85,5.74,12390000000.0,14.57,2650000000.0,614000000.0,0.72,1360000000.0,1.59,8289999999.999999,71.73,1.67,13.71,1.05,38.94,32.67,7550000.0,856620000.0
2024-07-23,CPAY,20400000000.0,25850000000.0,21.6,15.31,1.18,5.68,6.27,6.82,12.73,26.29,42.49,6.9,32.34,3790000000.0,52.14,2020000000.0,996820000.0,13.44,1350000000.0,19.16,6790000000.0,206.88,1.07,45.54,1.2,271.18,273.42,518860.0,70270000.0
2024-07-23,CTVA,38170000000.0,41160000000.0,55.32,19.68,1.23,2.31,1.54,2.44,18.11,3.32,14.71,2.49,2.79,16829999999.999998,23.85,3010000000.0,698000000.0,0.99,1660000000.0,2.38,4640000000.0,18.55,1.51,35.49,0.77,54.1,51.6,3290000.0,696980000.0
2024-07-23,CSGP,30850000000.0,27000000000.0,104.88,123.46,4.67,12.17,4.2,10.69,97.35,11.65,-6.52,1.19,4.11,2530000000.0,6.23,282500000.0,294300000.0,0.72,4950000000.0,12.13,1110000000.0,15.05,9.09,17.94,0.81,78.44,83.27,2390000.0,408500000.0
2024-07-23,COST,375690000000.0,373490000000.0,52.54,48.08,5.28,1.49,17.26,1.47,31.16,2.83,3.76,8.38,31.64,253700000000.0,571.55,11240000000.0,7170000000.0,16.1,11500000000.0,25.94,9300000000.0,42.7,0.94,49.1,0.77,834.61,708.88,1880000.0,443340000.0
2024-07-23,CRWD,64230000000.00001,61320000000.0,490.58,65.79,1.12,19.77,25.33,18.67,169.81,4.01,0.75,0.25,6.49,3280000000.0,13.68,145150000.0,131660000.0,0.53,3700000000.0,15.21,792980000.0,30.87,1.8,10.43,1.1,357.16,289.76,6110000.0,230880000.0
2024-07-23,CCI,45160000000.0,74390000000.0,38.07,38.31,3.4,6.83,7.99,11.26,19.35,18.01,32.78,3.65,18.74,6610000000.0,15.21,3960000000.0,1190000000.0,2.73,155000000.0,0.36,29380000000.0,519.83,0.43,12.99,0.84,99.88,103.11,2710000.0,434520000.0
2024-07-23,CSX,67459999999.99999,84980000000.0,18.86,17.7,2.11,4.69,5.36,5.81,11.77,24.75,37.06,8.18,29.04,14630000000.0,7.38,7130000000.0,3620000000.0,1.83,1480000000.0,0.76,19130000000.0,151.82,1.15,6.44,1.2,33.52,34.11,11170000.0,1950000000.0
2024-07-23,CMI,39970000000.0,44220000000.0,21.44,15.55,0.72,1.23,4.41,1.3,10.43,5.7,9.88,6.6,19.66,34020000000.000004,240.13,4370000000.0,1940000000.0,13.62,3050000000.0,22.31,7420000000.0,73.46,1.34,66.29,0.99,280.77,259.09,918510.0,136780000.0
2024-07-23,CVS,73230000000.0,141930000000.0,10.23,8.3,1.51,0.21,0.99,0.39,8.27,2.04,2.13,3.18,10.09,359660000000.0,281.15,16920000000.000002,7320000000.0,5.7,13090000000.0,10.43,81790000000.0,110.31,0.81,59.08,0.51,58.56,69.11,12800000.0,1260000000.0
2024-07-23,DHR,185830000000.0,196960000000.0,46.03,33.56,3.0,7.88,3.48,8.3,27.0,18.55,23.08,3.86,7.76,23740000000.0,32.11,7420000000.0,4070000000.000001,5.44,7030000000.0,9.49,19260000000.0,36.04,1.85,72.16,0.86,254.66,237.25,2990000.0,740690000.0
2024-07-23,DRI,17070000000.0,22300000000.0,16.83,14.71,1.6,1.52,7.61,1.96,12.54,9.02,13.42,7.69,46.38,11390000000.0,95.0,1760000000.0,1030000000.0,8.53,194800000.0,1.64,6780000000.0,302.56,0.38,18.87,1.29,148.18,155.62,1290000.0,118860000.0
2024-07-23,DVA,12270000000.0,23760000000.0,15.87,15.27,1.6,1.05,13.26,1.93,9.56,6.61,14.4,6.36,43.22,12340000000.0,136.92,2490000000.0,815640000.0,8.82,355740000.0,4.06,11840000000.0,449.22,1.43,10.56,0.87,140.21,118.53,905260.0,87700000.0
2024-07-23,DAY,8480000000.0,9330000000.0,162.76,21.01,5.36,5.43,3.49,5.92,32.68,3.3,9.43,0.8,2.25,1570000000.0,10.1,238400000.0,52000000.0,0.33,392500000.0,2.49,1240000000.0,50.95,1.07,15.41,1.27,53.54,63.54,1930000.0,157900000.0
2024-07-23,DE,104510000000.0,163770000000.0,11.43,15.48,2.46,1.87,4.61,2.85,9.57,16.16,20.83,8.83,41.76,58600000000.0,206.9,15470000000.0,9470000000.0,33.18,4100000000.0,14.89,66870000000.00001,293.49,2.04,82.32,0.94,376.86,382.3,1530000.0,275570000.0
2024-07-23,DAL,28290000000.0,48870000000.0,6.29,6.68,39.29,0.47,2.28,0.81,7.53,7.46,13.33,5.03,43.81,60120000000.0,94.01,8080000000.0,4490000000.0,6.97,4230000000.000001,6.6,25910000000.0,209.2,0.4,19.32,1.35,49.16,42.77,8380000.000000001,645420000.0
2024-07-23,DVN,29370000000.0,34670000000.0,8.91,8.8,0.4,1.99,2.41,2.31,4.82,23.24,23.7,11.49,28.9,14410000000.0,22.69,7140000000.0,3360000000.0,5.25,1130000000.0,1.78,6490000000.0,52.56,1.04,19.23,2.11,47.66,46.72,6350000.0,627570000.0
2024-07-23,DXCM,44400000000.0,44090000000.0,72.5,61.35,2.0,12.48,19.76,11.6,44.29,16.82,10.98,6.79,28.54,3800000000.0,9.83,848500000.0,639300000.0,1.54,2900000000.0,7.28,2590000000.0,115.28,2.9,5.67,1.16,118.25,117.85,2730000.0,397680000.0
2024-07-23,DLR,50480000000.0,68400000000.00001,42.97,86.21,95.49,8.92,2.76,12.5,20.14,21.48,12.56,0.97,5.85,5410000000.0,17.8,2360000000.0,1120000000.0,3.62,1220000000.0,3.91,18500000000.0,88.76,1.03,58.54,0.6,148.75,139.51,1840000.0,324500000.0
2024-07-23,DG,27110000000.0,44510000000.0,17.97,17.18,2.12,0.69,3.87,1.13,14.22,3.85,5.51,4.64,23.35,39260000000.0,178.83,3140000000.0,1510000000.0,6.85,720700000.0,3.28,18120000000.0,258.88,1.22,31.83,0.43,132.13,134.06,2550000.0,219900000.0
2024-07-23,DLTR,23040000000.0,32770000000.000004,19.68,16.37,1.17,0.76,3.15,1.06,13.87,-3.23,5.51,4.88,-12.3,30910000000.0,141.36,2650000000.0,-997300000.0,-4.52,618500000.0,2.88,10350000000.0,141.53,1.28,33.83,0.89,110.74,123.38,2780000.0,214940000.0
2024-07-23,D,43420000000.0,86420000000.0,22.42,18.76,1.41,3.07,1.69,6.11,13.5,11.93,26.65,2.26,7.23,14140000000.0,16.9,6770000000.0,1940000000.0,2.31,265000000.0,0.32,41970000000.0,153.05,1.05,30.59,0.59,51.4,47.71,3820000.0,838210000.0
2024-07-23,DOV,24900000000.0,27910000000.0,17.4,19.92,1.33,3.01,4.83,3.3,12.46,17.28,14.94,7.7,30.38,8449999999.999999,60.52,1730000000.0,1460000000.0,10.42,929950000.0,6.77,3940000000.0,76.51,1.31,37.49,1.22,181.88,161.89,1070000.0,137430000.0
2024-07-23,DOW,38270000000.0,52280000000.0,32.39,18.15,0.71,0.89,2.08,1.2,11.2,2.75,5.68,2.62,6.41,43540000000.0,61.77,5090000000.0,1190000000.0,1.68,4490000000.0,6.39,17810000000.0,94.17,1.8,26.2,1.24,55.55,54.42,4350000.0,703210000.0
2024-07-23,DHI,58000000000.0,60700000000.0,11.92,11.12,0.58,1.59,2.35,1.63,9.54,13.36,17.66,11.92,21.31,37300000000.0,112.26,6520000000.0,4980000000.0,14.86,2690000000.0,8.21,5690000000.0,22.63,7.22,75.32,1.71,146.48,141.02,2550000.0,327370000.0
2024-07-23,DTE,24260000000.0,45860000000.0,19.18,17.48,3.43,1.98,2.17,3.76,11.86,10.36,15.93,2.99,11.59,12210000000.0,59.25,3280000000.0,1260000000.0,6.11,492000000.0,2.38,22090000000.0,197.65,0.75,53.99,0.67,113.22,107.87,991820.0,206940000.0
2024-07-23,DUK,83000000000.0,166820000000.0,19.24,17.99,3.13,2.82,1.74,5.66,11.62,10.95,25.45,2.62,8.8,29000000000.0,37.6,13760000000.0,4310000000.0,5.59,459000000.0,0.6,82320000000.0,162.57,0.78,61.64,0.44,102.54,96.01,2780000.0,771770000.0
2024-07-23,DD,33580000000.0,39340000000.0,87.3,22.83,0.57,2.96,1.42,3.28,19.94,2.96,13.2,2.65,1.73,11980000000.0,27.17,2840000000.0,404000000.0,0.92,1930000000.0,4.63,8320000000.0,34.65,2.33,56.41,1.33,80.02,74.28,2470000.0,418100000.0
2024-07-23,EMN,11440000000.0,16020000000.0,12.54,12.71,1.57,1.27,2.07,1.76,8.83,10.16,12.42,4.47,17.06,9110000000.0,77.04,1550000000.0,925000000.0,7.76,509000000.0,4.33,5210000000.0,92.88,1.39,47.09,1.47,99.21,89.72,850860.0,117600000.0
2024-07-23,ETN,128090000000.0,135440000000.0,37.82,30.86,3.18,5.44,6.64,5.73,26.5,14.38,17.08,6.98,18.5,23660000000.0,59.22,5050000000.0,3400000000.0,8.46,2440000000.0,6.11,9790000000.0,50.65,1.56,48.25,1.01,324.75,276.51,2150000.0,399890000.0
2024-07-23,ECL,70350000000.0,77970000000.0,45.62,37.59,2.68,4.56,8.57,5.03,24.28,10.01,14.71,6.91,20.16,15500000000.0,54.33,3280000000.0,1550000000.0,5.4,1400000000.0,4.9,7000000000.0,103.91,1.41,23.46,1.12,238.23,210.58,1060000.0,285570000.0
2024-07-23,EIX,28930000000.0,66250000000.0,33.13,15.31,2.02,1.76,2.14,4.03,11.99,5.32,22.51,2.87,4.98,16450000000.0,42.89,6120000000.0,876000000.0,2.27,992000000.0,2.58,36650000000.0,208.08,1.0,35.14,0.92,73.87,69.27,1840000.0,384750000.0
2024-07-23,EW,53020000000.0,52020000000.0,37.93,32.47,3.59,8.7,7.45,8.47,29.41,23.01,27.39,12.05,21.28,6140000000.0,10.15,1920000000.0,1410000000.0,2.32,1700000000.0,2.82,699200000.0,9.73,3.76,11.82,1.11,88.99,81.5,2840000.0,602600000.0
2024-07-23,EA,38070000000.0,36750000000.0,30.61,19.27,2.6,5.15,5.07,4.86,17.92,16.83,20.41,7.67,17.2,7560000000.0,28.01,1980000000.0,1270000000.0,4.68,3260000000.0,12.25,2200000000.0,29.23,1.37,28.24,0.79,136.7,134.48,2280000.0,265740000.0
2024-07-23,ENPH,14250000000.0,13920000000.0,53.99,38.91,2.36,8.07,15.44,7.62,33.97,15.1,-10.33,5.03,29.16,1830000000.0,13.43,334290000.0,275970000.0,1.94,1630000000.0,11.98,1320000000.0,143.03,4.16,6.78,1.71,115.18,112.49,4150000.000000001,136060000.0
2024-07-23,ETR,23710000000.0,50810000000.0,11.12,15.36,8.31,1.98,1.64,4.25,10.46,17.73,13.93,2.68,15.05,11960000000.0,56.42,4680000000.0,2120000000.0,9.98,1290000000.0,6.06,28400000000.0,191.97,0.69,67.79,0.71,108.83,102.8,1670000.0,213540000.0
2024-07-23,EOG,72940000000.0,71760000000.0,10.03,10.49,2.61,3.15,2.55,3.06,5.39,31.27,38.31,13.52,27.22,23530000000.0,40.66,13210000000.0,7360000000.0,12.65,5290000000.0,9.21,4110000000.000001,14.35,2.32,49.83,1.31,125.38,123.61,2970000.0,574710000.0
2024-07-23,EQT,15750000000.0,20610000000.0,26.42,33.9,0.2,3.35,1.04,4.54,7.55,14.05,15.26,2.79,4.53,4420000000.0,11.03,2920000000.0,620170000.0,1.35,648050000.0,1.47,5500000000.0,36.28,0.88,34.34,1.13,38.88,38.38,7670000.0,441590000.0
2024-07-23,EFX,33360000000.0,38690000000.0,57.61,36.9,1.38,6.14,7.1,7.08,23.39,10.67,19.73,5.44,13.05,5470000000.0,44.29,1680000000.0,583400000.0,4.69,181900000.0,1.47,5510000000.0,114.04,0.79,37.96,1.56,243.18,233.71,786390.0,123610000.0
2024-07-23,EQIX,75820000000.0,91570000000.0,80.13,68.03,5.51,9.07,6.16,11.01,26.85,11.94,17.21,1.97,7.73,7880000000.0,83.83,2910000000.0,941180000.0,9.99,1530000000.0,16.09,17280000000.0,140.19,1.1,129.59,0.68,772.05,789.02,584990.0,94910000.0
2024-07-23,EQR,26920000000.0,34410000000.0,30.37,48.08,7.32,9.58,2.44,11.87,16.07,31.7,28.79,2.79,8.2,2900000000.0,7.65,1790000000.0,914880000.0,2.34,44530000.0,0.12,7520000000.0,64.99,0.31,29.16,0.89,67.14,61.86,1760000.0,378970000.0
2024-07-23,ESS,18630000000.0,24660000000.0,35.42,54.95,7.88,11.06,3.36,14.64,18.62,30.96,32.95,2.69,9.57,1700000000.0,26.42,1090000000.0,525020000.0,8.18,506840000.0,7.89,6620000000.0,114.96,0.89,86.41,0.87,270.5,241.67,344270.0,64209999.99999999
2024-07-23,EL,36230000000.0,42370000000.0,56.76,25.58,1.21,2.37,6.31,2.76,19.27,4.18,14.04,3.48,9.98,15350000000.0,42.79,2080000000.0,641000000.0,1.78,3700000000.0,10.32,9840000000.0,149.45,1.58,16.02,0.98,116.54,132.68,3060000.0,233020000.0
2024-07-23,EVRG,12760000000.0,26330000000.0,18.02,14.49,1.75,2.31,1.32,4.75,10.9,12.84,19.2,2.51,7.55,5540000000.0,24.09,2370000000.0,711400000.0,3.08,63700000.0,0.28,13630000000.0,141.04,0.57,41.92,0.58,53.91,51.76,1750000.0,229930000.0
2024-07-23,EXC,36250000000.0,80900000000.0,15.56,14.79,2.57,1.63,1.39,3.64,10.2,10.43,18.29,2.51,9.06,22210000000.0,22.27,6840000000.0,2320000000.0,2.33,720000000.0,0.72,45370000000.0,174.09,1.03,26.06,0.59,36.17,36.93,7220000.0,1000000000.0
2024-07-23,EXPE,17810000000.0,18660000000.0,25.51,11.4,0.44,1.5,20.01,1.43,9.35,6.18,-1.45,3.87,25.51,13060000000.0,92.83,1720000000.0,807000000.0,5.27,5710000000.0,43.03,6560000000.0,306.98,0.79,6.66,1.78,121.71,129.51,2420000.0,126950000.0
2024-07-23,EXPD,17370000000.0,16559999999.999998,26.0,26.04,4.65,2.03,7.91,1.86,16.14,7.81,9.73,11.19,26.03,8910000000.0,60.89,946400000.0,696020000.0,4.73,1370000000.0,9.7,564930000.0,25.71,1.85,15.56,0.97,121.67,120.31,1500000.0,141250000.0
2024-07-23,EXR,35100000000.0,46440000000.0,38.64,34.84,5.26,10.94,2.45,16.26,23.04,28.12,43.07,4.32,8.96,2920000000.0,15.48,1990000000.0,818730000.0,4.29,84460000.0,0.4,11390000000.0,74.51,1.61,67.55,0.84,153.07,141.21,957570.0,211720000.0
2024-07-23,XOM,517090000000.00006,524210000000.00006,14.13,12.79,5.26,1.4,2.52,1.58,7.44,9.78,13.23,7.83,16.25,335350000000.0,83.3,67690000000.0,32800000000.0,8.16,33320000000.0,8.45,40440000000.0,18.98,1.38,52.05,0.89,114.4,109.14,17120000.0,4490000000.0
2024-07-23,FFIV,10280000000.0,9640000000.0,21.05,12.39,0.74,3.77,3.5,3.46,12.68,17.91,20.56,7.6,17.62,2780000000.0,46.96,760160000.0,498510000.0,8.33,903480000.0,15.41,266850000.00000003,9.1,1.3,50.05,1.08,171.27,174.25,540480.0,58610000.0
2024-07-23,FDS,16329999999.999998,17450000000.0,32.35,24.69,2.11,7.63,8.64,8.02,20.47,23.56,36.66,11.13,28.81,2180000000.0,57.17,833240000.0,512750000.0,13.26,522100000.0,13.73,1640000000.0,86.84,1.28,49.66,0.75,421.85,445.2,286870.0,38040000.0
2024-07-23,FAST,39100000000.0,39360000000.0,33.97,33.11,4.02,5.28,11.19,5.31,23.18,15.54,20.19,20.67,33.52,7420000000.0,12.97,1690000000.0,1150000000.0,2.01,255500000.0,0.45,516200000.00000006,14.77,4.39,6.11,1.0,65.24,66.16,3350000.0,572650000.0
2024-07-23,FIS,41900000000.0,49850000000.0,104.61,15.27,0.75,4.47,2.32,5.04,12.17,-61.37,18.57,2.1,1.9,9890000000.0,16.85,3400000000.0,424000000.0,0.72,3330000000.0,5.99,11280000000.0,62.57,1.52,32.01,1.07,75.99,65.58,3980000.0,556250000.0
2024-07-23,FSLR,23570000000.0,22270000000.0,23.09,16.45,0.5,6.64,3.42,6.25,15.23,28.75,30.48,7.18,16.05,3560000000.0,33.36,1440000000.0,1020000000.0,9.54,1990000000.0,18.59,681520000.0,9.87,2.41,64.49,1.44,240.98,178.86,3090000.0,107040000.0
2024-07-23,FE,22910000000.0,46530000000.0,21.06,14.79,1.33,1.77,1.85,3.6,12.26,8.34,19.74,2.78,9.48,12740000000.0,22.22,3790000000.0,1080000000.0,1.89,888000000.0,1.54,24520000000.0,180.09,0.65,21.54,0.48,39.13,37.62,2480000.0,575520000.0
2024-07-23,FI,92810000000.0,116760000000.0,29.76,18.25,1.06,4.95,3.22,6.01,14.11,16.68,24.19,3.76,10.92,19430000000.0,32.24,8199999999.999999,3240000000.0,5.33,1210000000.0,2.08,24540000000.0,82.95,1.06,49.15,0.92,151.16,141.11,2380000.0,585100000.0
2024-07-23,F,56370000000.0,173330000000.0,14.56,6.82,0.74,0.32,1.31,0.98,15.59,2.21,3.13,1.12,9.4,177490000000.0,44.43,11080000000.0,3920000000.0,0.97,24900000000.0,6.24,151420000000.0,352.99,1.17,10.74,1.63,12.53,12.0,48460000.0,3920000000.0
2024-07-23,FTV,26970000000.0,30210000000.0,30.4,20.16,1.29,4.44,2.57,4.93,18.47,14.68,15.68,4.24,8.84,6130000000.0,17.41,1610000000.0,899600000.0,2.52,704600000.0,2.0,3940000000.0,37.6,1.5,29.76,1.16,74.66,75.75,1640000.0,352030000.0
2024-07-23,FOXA,16670000000.000002,21020000000.0,11.68,10.06,1.2,1.3,1.64,1.51,7.13,11.19,22.89,6.81,14.99,13920000000.0,28.54,2810000000.0,1560000000.0,3.17,3790000000.0,8.12,8140000000.000001,74.5,3.24,22.54,0.78,34.32,31.45,2770000.0,231150000.0
2024-07-23,FOX,16670000000.000002,21020000000.0,10.86,9.35,1.11,1.21,1.52,1.51,7.13,11.19,22.89,6.81,14.99,13920000000.0,28.54,2810000000.0,1560000000.0,3.17,3790000000.0,8.12,8140000000.000001,74.5,3.24,22.54,0.78,31.91,29.1,1020000.0,235580000.0
2024-07-23,BEN,12380000000.0,21420000000.0,13.61,8.29,1.51,1.44,0.96,2.64,10.99,11.09,13.41,2.99,7.75,8100000000.0,16.32,1940000000.0,861200000.0,1.73,3300000000.0,6.27,4020000000.0,27.13,5.14,24.44,1.45,23.09,25.3,3900000.0,526090000.00000006
2024-07-23,GRMN,33180000000.0,31090000000.0,24.36,33.22,6.51,6.08,4.58,5.69,22.65,24.96,21.6,9.12,19.97,5460000000.0,28.52,1370000000.0,1360000000.0,7.08,2200000000.0,11.44,140360000.0,1.94,4.04,37.72,1.0,164.92,137.8,726900.0,192080000.0
2024-07-23,GE,178160000000.0,176500000000.0,42.83,40.49,1.96,2.58,5.97,2.54,20.09,5.05,9.61,2.43,13.64,69520000000.0,63.81,8480000000.0,4190000000.000001,3.79,20280000000.0,18.53,22430000000.0,72.12,1.17,27.27,1.22,161.77,126.64,5740000.0,1090000000.0
2024-07-23,GEN,15990000000.0,23790000000.0,26.59,11.65,0.69,4.3,7.28,6.24,14.75,16.16,43.64,5.99,28.02,3810000000.0,5.98,1780000000.0,616000000.0,0.96,846000000.0,1.35,8650000000.0,393.95,0.51,3.53,1.04,24.64,21.92,5400000.0,626150000.0
2024-07-23,GNRC,9680000000.0,11150000000.0,44.26,26.32,1.59,2.45,4.09,2.77,19.44,5.68,7.52,4.95,9.71,4020000000.0,66.14,577600000.0,223220000.0,3.61,249360000.0,4.11,1630000000.0,68.41,2.29,39.19,1.37,143.7,123.94,942060.0,60610000.0
2024-07-23,GD,79900000000.0,89920000000.0,23.75,20.04,1.84,1.86,3.73,2.09,16.87,7.85,9.75,4.59,16.71,43120000000.0,157.95,4790000000.0,3380000000.0,12.26,1040000000.0,3.78,11060000000.0,51.67,1.44,78.16,0.6,293.17,269.92,1030000.0,274360000.0
2024-07-23,GIS,36060000000.0,48950000000.0,14.99,14.35,2.08,1.89,3.84,2.47,12.0,12.57,19.33,7.49,24.75,19860000000.0,34.5,4320000000.0,2500000000.0,4.31,418000000.0,0.75,13320000000.0,138.0,0.65,16.81,0.09,66.54,65.95,3910000.0,558150000.0
2024-07-23,GM,56520000000.0,153270000000.0,6.05,5.22,3.48,0.37,0.85,0.88,6.36,6.13,8.88,2.47,14.43,174870000000.0,134.13,16879999999.999998,10620000000.0,8.19,20480000000.0,17.95,124620000000.0,176.52,1.16,60.54,1.44,46.46,39.06,13290000.0,1140000000.0
2024-07-23,GPC,19270000000.0,23170000000.0,15.43,14.01,2.42,0.84,4.38,1.0,11.13,5.46,7.23,6.36,30.19,23110000000.0,165.04,2150000000.0,1260000000.0,8.97,1050000000.0,7.53,4950000000.0,111.95,1.13,31.6,0.93,142.6,143.49,956940.0,139300000.0
2024-07-23,GILD,90210000000.0,110690000000.0,201.14,18.9,0.9,3.31,5.14,4.03,23.14,1.77,34.43,10.5,2.39,27450000000.0,22.0,12660000000.0,485000000.0,0.36,5520000000.0,4.43,25190000000.0,144.34,1.08,14.08,0.2,67.29,73.49,7670000.0,1250000000.0
2024-07-23,GPN,25610000000.0,41690000000.0,19.95,8.64,0.36,2.67,1.15,4.26,10.22,13.4,21.95,2.91,5.91,9780000000.0,37.69,4170000000.0,1310000000.0,5.03,2170000000.0,8.49,18240000000.0,79.37,0.92,87.08,0.98,99.92,117.74,2520000.0,255250000.0
2024-07-23,HAL,29560000000.0,36150000000.0,11.09,10.21,1.83,1.29,2.96,1.56,7.19,11.61,17.69,10.45,28.9,23180000000.0,26.02,5160000000.0,2690000000.0,3.01,2140000000.0,2.42,8730000000.0,86.88,2.13,11.31,1.94,34.95,36.83,7920000.0,885300000.0
2024-07-23,HAS,8330000000.0,11260000000.0,35.61,17.67,0.84,1.75,8.28,2.37,8.76,-29.6,16.55,3.89,-74.27,4760000000.0,34.26,673200000.0,-1410000000.0,-10.15,569300000.0,4.09,3500000000.0,339.45,1.11,7.23,0.61,59.56,53.88,1890000.0,139220000.0
2024-07-23,DOC,14790000000.0,23750000000.0,60.03,52.63,5.09,5.21,1.66,10.5,19.66,8.56,3.78,1.22,2.51,2260000000.0,4.03,1120000000.0,193060000.0,0.35,149200000.0,0.21,9060000000.0,94.41,2.25,12.62,1.1,19.72,18.44,4460000.0,703780000.0
2024-07-23,HSIC,9090000000.0,11640000000.0,23.89,14.16,1.67,0.75,2.52,0.94,13.26,3.12,5.74,4.44,8.34,12450000000.0,95.81,934000000.0,346000000.0,2.97,159000000.0,1.24,2720000000.0,53.98,1.75,28.02,0.87,68.64,71.37,1110000.0,128050000.0
2024-07-23,HSY,38680000000.0,43860000000.0,18.94,19.92,3.56,3.44,9.42,3.84,14.66,18.13,32.95,14.93,54.77,11430000000.0,55.87,3240000000.0,2070000000.0,10.1,520400000.0,2.57,5700000000.0,138.66,0.97,20.32,0.35,192.82,191.55,1700000.0,147620000.0
2024-07-23,HES,46280000000.0,54490000000.0,23.04,15.92,1.05,4.05,4.69,4.78,9.07,17.95,46.51,10.04,24.69,11190000000.0,36.53,5940000000.0,2010000000.0,6.52,1440000000.0,4.68,9640000000.0,91.57,1.23,32.13,1.17,150.26,148.47,2170000.0,308110000.0
2024-07-23,HPE,26760000000.0,35340000000.0,15.03,10.14,1.6,0.96,1.23,1.25,7.34,6.38,7.0,2.48,8.57,28310000000.0,21.75,4890000000.0,1810000000.0,1.37,2120000000.0,1.63,11380000000.0,52.34,0.9,16.7,1.21,19.83,17.29,16800000.0,1300000000.0
2024-07-23,HOLX,18290000000.0,18680000000.0,40.4,18.02,1.23,4.82,3.78,4.72,18.8,11.78,23.9,6.22,9.2,3960000000.0,16.39,1220000000.0,466500000.0,1.94,2190000000.0,9.38,2570000000.0,53.02,3.97,20.76,0.99,74.47,73.26,1400000.0,233380000.0
2024-07-23,HD,360200000000.0,406950000000.0,24.35,23.92,1.96,2.38,197.91,2.68,16.47,9.79,13.95,17.04,1362.97,151830000000.0,152.79,24510000000.0,14870000000.0,14.93,4260000000.0,4.3,52010000000.0,2857.47,1.34,1.84,0.99,342.67,339.8,3530000.0,991610000.0
2024-07-23,HON,141290000000.0,154540000000.0,25.14,21.32,1.98,3.9,8.59,4.19,16.71,15.52,22.26,7.7,33.2,36900000000.0,55.99,8920000000.0,5730000000.0,8.64,12010000000.0,18.44,26350000000.0,154.55,1.66,25.27,1.03,209.29,199.06,2670000.0,651190000.0
2024-07-23,HRL,17180000000.0,19480000000.0,22.39,18.45,2.62,1.43,2.18,1.62,14.79,6.36,9.03,4.76,9.83,12050000000.0,22.02,1300000000.0,766750000.0,1.4,1510000000.0,2.75,3810000000.0,48.25,1.73,14.39,0.24,32.08,32.54,2410000.0,548310000.0
2024-07-23,HST,12640000000.0,16370000000.000002,17.58,12.63,0.87,2.36,1.88,3.03,9.83,13.33,18.12,3.92,10.49,5410000000.0,7.64,1480000000.0,721000000.0,1.02,1350000000.0,1.91,5070000000.0,73.11,6.37,9.56,1.35,18.09,18.62,6100000.0,705040000.0
2024-07-23,HWM,32760000000.0,35970000000.0,38.77,33.22,0.8,4.85,8.13,5.24,23.39,12.53,19.85,7.68,21.92,6860000000.0,16.67,1530000000.0,858000000.0,2.07,533000000.0,1.31,3840000000.0,93.96,1.97,9.88,1.29,81.24,63.58,2990000.0,408180000.0
2024-07-23,HUBB,20360000000.0,22220000000.0,28.28,23.26,2.32,3.73,6.95,4.05,18.97,13.23,16.42,10.42,26.97,5490000000.0,102.31,1200000000.0,724000000.0,13.43,400300000.0,7.46,2260000000.0,76.91,1.65,54.58,0.9,381.82,356.0,525920.0,53690000.0
2024-07-23,HII,10490000000.0,13140000000.0,15.03,15.13,3.82,0.91,2.54,1.13,10.06,6.09,6.63,4.5,18.34,11590000000.0,291.08,1130000000.0,705000000.0,17.7,10000000.0,0.25,2660000000.0,64.35,0.96,104.43,0.53,251.04,256.33,308180.0,39430000.0
2024-07-23,IBM,169160000000.0,212920000000.0,20.88,18.42,3.68,2.75,7.27,3.43,14.36,13.18,10.21,4.58,36.24,62070000000.0,67.94,14380000000.0,8150000000.0,8.82,19110000000.0,20.81,62870000000.0,269.45,1.13,25.32,0.71,172.84,170.1,3940000.0,918600000.0
2024-07-23,IEX,15530000000.0,16260000000.000002,26.97,24.94,2.15,4.82,4.29,5.04,17.31,17.89,20.71,7.86,16.85,3230000000.0,42.7,882400000.0,577700000.0,7.61,620700000.0,8.2,1350000000.0,37.18,3.38,47.68,0.95,207.19,214.28,486000.0,75700000.0
2024-07-23,IDXX,39250000000.0,39920000000.0,46.06,43.48,4.54,10.72,25.02,10.72,32.15,23.26,31.01,22.63,71.91,3720000000.0,44.83,1230000000.0,866570000.0,10.31,397430000.0,4.81,1070000000.0,68.13,1.57,18.93,1.32,499.37,504.6,530810.0,82590000.0
2024-07-23,ITW,73220000000.0,80590000000.0,24.2,23.92,2.56,4.62,24.25,5.02,17.36,19.07,28.57,16.74,100.03,16059999999.999998,53.35,4620000000.0,3060000000.0,10.13,959000000.0,3.21,8330000000.0,275.57,1.32,10.12,1.11,242.09,248.29,1090000.0,298400000.0
2024-07-23,INCY,12840000000.0,9030000000.0,19.75,14.16,0.96,3.92,2.38,2.4,8.16,19.78,10.47,6.89,15.13,3770000000.0,16.82,801760000.0,745440000.0,3.3,3850000000.0,17.15,37400000.0,0.69,3.47,24.02,0.74,59.95,58.03,3620000.0,197010000.0
2024-07-23,IR,40340000000.0,41650000000.0,49.73,30.77,1.62,5.91,4.09,6.02,24.41,11.85,19.03,5.31,8.56,6920000000.0,17.1,1760000000.0,819800000.0,2.01,1480000000.0,3.66,2800000000.0,28.23,2.32,24.41,1.45,92.99,83.08,2850000.0,403640000.0
2024-07-23,PODD,13600000000.0,14250000000.0,58.33,69.44,3.55,8.13,17.2,8.0,39.95,13.14,12.88,6.74,36.18,1780000000.0,25.5,339400000.0,234000000.0,3.32,751200000.0,10.73,1400000000.0,177.25,3.74,11.29,1.15,190.87,180.89,810750.0,70040000.0
2024-07-23,INTC,142050000000.0,173190000000.0,34.4,31.15,0.6,2.56,1.34,3.14,14.52,7.36,-5.67,0.24,3.79,55240000000.0,13.11,10500000000.0,4070000000.000001,0.97,21310000000.0,5.01,52450000000.0,47.36,1.57,24.89,1.05,31.57,38.86,49490000.0,4260000000.0
2024-07-23,ICE,85600000000.0,107050000000.0,34.31,27.47,3.11,8.29,3.26,10.46,20.52,29.59,47.99,1.8,10.29,8380000000.000001,14.77,5130000000.0,2480000000.0,4.34,863000000.0,1.5,22310000000.0,84.86,1.01,45.79,1.07,138.47,128.33,2420000.0,573590000.0
2024-07-23,IP,16149999999.999998,20980000000.0,87.72,23.15,0.64,0.87,1.96,1.13,9.79,0.93,3.01,2.64,2.23,18510000000.0,53.47,2040000000.0,186000000.0,0.53,1070000000.0,3.08,6050000000.0,73.23,1.68,23.77,1.03,43.89,37.82,6880000.0,347330000.0
2024-07-23,IPG,11200000000.0,13890000000.0,10.56,10.7,15.73,1.05,2.93,1.28,7.29,11.51,8.36,5.43,29.02,9410000000.0,24.61,1740000000.0,1080000000.0,2.81,1930000000.0,5.12,4620000000.0,117.88,1.06,10.13,1.11,30.17,30.97,3730000.0,377420000.0
2024-07-23,ISRG,163860000000.0,159100000000.0,79.23,72.99,4.76,21.89,11.14,21.01,66.14,27.65,28.23,7.99,15.77,7570000000.0,21.45,2390000000.0,2090000000.0,5.81,4760000000.0,13.39,282800000.0,1.91,5.15,41.4,1.39,421.22,364.73,1400000.0,355350000.0
2024-07-23,IVZ,7420000000.0,18630000000.0,7.03,10.12,1.62,1.3,0.7,3.23,15.87,-1.74,14.44,1.77,-0.73,5770000000.0,12.73,998800000.0,-337200000.0,-0.74,895700000.0,1.99,1260000000.0,7.93,6.34,23.44,1.46,15.47,15.35,4060000.0,449830000.0
2024-07-23,INVH,22240000000.0,30040000000.0,41.25,52.63,20.79,8.95,2.19,12.07,19.09,21.93,28.18,2.29,5.32,2470000000.0,4.03,1380000000.0,540860000.0,0.88,822460000.0,1.34,8560000000.000001,84.17,5.26,16.55,0.99,35.3,33.9,3130000.0,612540000.0
2024-07-23,IQV,44710000000.0,56480000000.0,31.85,22.17,1.39,2.99,6.66,3.73,16.93,9.39,14.37,5.03,22.84,15160000000.0,83.15,2780000000.0,1420000000.0,7.7,1680000000.0,9.2,13450000000.0,200.33,0.85,36.83,1.5,220.73,221.98,1220000.0,182300000.0
2024-07-23,JKHY,12320000000.0,12540000000.0,32.55,29.67,2.99,5.63,6.92,5.72,17.73,17.28,20.81,11.34,22.81,2190000000.0,30.06,562340000.0,378520000.0,5.19,27250000.0,0.37,312060000.0,17.53,1.39,24.42,0.63,165.45,163.38,439780.0,72900000.0
2024-07-23,J,18710000000.0,21330000000.0,28.74,16.29,0.81,1.12,2.82,1.26,15.75,3.83,6.78,4.69,9.6,16899999999.999998,134.01,1400000000.0,658850000.0,5.2,1030000000.0,8.25,3650000000.0,49.34,1.17,52.9,0.7,140.02,138.72,661290.0,125210000.0
2024-07-23,JCI,47290000000.0,57170000000.0,28.42,17.12,0.99,1.79,3.02,2.13,21.8,6.32,-1.04,2.96,11.04,26830000000.0,39.41,2960000000.0,1700000000.0,2.47,843000000.0,1.25,12080000000.0,71.72,0.87,23.24,1.29,69.32,60.12,5000000.0,673680000.0
2024-07-23,JNPR,12110000000.0,12590000000.0,54.18,18.76,1.19,2.26,2.7,2.36,25.88,4.19,1.58,3.13,5.02,5340000000.0,16.69,660600000.0,224000000.0,0.69,1260000000.0,3.87,1820000000.0,40.65,1.74,13.79,0.95,35.72,33.47,2260000.0,324990000.0
2024-07-23,K,19700000000.0,26050000000.0,24.41,15.87,1.26,1.53,6.25,2.01,14.43,7.09,13.0,5.36,21.27,12980000000.0,37.97,1850000000.0,812000000.0,2.36,251000000.0,0.73,6680000000.0,203.66,0.62,9.24,0.35,59.04,55.59,2420000.0,341880000.0
2024-07-23,KDP,44500000000.0,60640000000.0,21.18,17.06,2.71,3.08,1.81,4.06,14.7,14.52,21.94,4.1,8.72,14930000000.0,10.72,4110000000.000001,2170000000.0,1.55,317000000.0,0.23,16750000000.0,67.94,0.51,18.19,0.62,33.69,31.79,7490000.0,1360000000.0
2024-07-23,KEYS,24480000000.0,24860000000.0,30.56,18.76,2.5,4.8,4.99,4.81,17.89,15.71,14.72,7.74,16.9,5170000000.0,29.28,1340000000.0,812000000.0,4.59,1660000000.0,9.49,2040000000.0,41.59,1.99,28.13,0.95,141.28,144.89,1150000.0,174540000.0
2024-07-23,KMB,48530000000.0,55650000000.0,26.45,20.33,1.74,2.4,46.49,2.73,17.76,9.05,17.89,10.66,180.64,20380000000.0,60.37,3760000000.0,1840000000.0,5.45,853000000.0,2.53,8000000000.0,675.34,0.81,3.1,0.39,137.36,126.96,2040000.0,336710000.0
2024-07-23,KMI,48500000000.0,80000000000.0,20.05,17.21,1.68,3.16,1.6,5.21,12.27,15.93,27.8,3.78,8.01,15360000000.0,6.91,6460000000.0,2430000000.0,1.09,122000000.0,0.05,32020000000.000004,101.03,0.37,13.67,0.92,19.8,18.07,13790000.0,2220000000.0
2024-07-23,KLAC,108990000000.0,111520000000.0,42.38,29.67,2.9,11.53,35.22,11.62,29.92,27.19,34.19,15.19,90.35,9600000000.0,70.6,3890000000.0,2610000000.0,19.1,4290000000.0,31.9,6820000000.0,220.48,2.14,22.97,1.26,799.88,650.9,797680.0,134640000.0
2024-07-23,KHC,39850000000.0,58770000000.0,14.33,10.76,0.93,1.52,0.8,2.21,10.7,10.62,20.78,3.78,5.68,26560000000.0,21.7,6450000000.0,2820000000.0,2.29,1630000000.0,1.34,20540000000.0,41.35,1.09,40.79,0.52,33.85,35.12,7700000.0,1210000000.0
2024-07-23,KR,39600000000.0,54820000000.0,18.72,12.36,1.34,0.27,3.19,0.37,7.88,1.43,1.99,5.99,18.57,150140000000.0,208.82,8070000000.0,2140000000.0,2.93,2310000000.0,3.09,21150000000.0,229.2,0.87,12.34,0.44,52.33,49.48,5530000.0,721790000.0
2024-07-23,LHX,45170000000.0,58400000000.0,38.67,18.48,1.04,2.25,2.42,2.9,19.53,5.82,11.99,3.89,6.16,20160000000.0,106.38,3640000000.0,1170000000.0,6.17,477000000.0,2.52,13710000000.0,73.19,0.98,98.52,0.72,224.77,206.82,814700.0,189680000.0
2024-07-23,LH,18070000000.0,23940000000.0,45.8,14.39,1.31,1.51,2.27,1.95,17.35,3.52,10.17,3.76,4.37,12300000000.0,142.99,1620000000.0,399200000.0,4.67,99300000.0,1.18,6050000000.0,75.83,0.88,94.42,1.03,203.76,210.98,693840.0,84290000.0
2024-07-23,LRCX,127740000000.0,127050000000.0,35.88,26.81,2.79,9.11,15.92,8.92,27.53,25.35,28.67,13.53,43.95,14240000000.0,107.68,4420000000.0,3610000000.0,27.26,5670000000.0,43.38,4980000000.0,62.12,2.82,61.36,1.49,1003.63,857.52,967470.0,130740000.0
2024-07-23,LW,11460000000.0,15280000000.0,10.57,13.26,4.34,1.77,6.52,2.33,11.49,16.71,15.52,11.03,88.52,6550000000.0,45.1,1370000000.0,1090000000.0,7.51,62300000.0,0.43,3880000000.0,220.73,1.19,12.18,0.73,84.07,94.01,1960000.0,144390000.0
2024-07-23,LVS,30850000000.0,39850000000.0,20.0,15.17,0.57,2.81,7.8,3.55,9.32,13.99,24.7,7.62,47.59,11210000000.0,14.76,3940000000.0,1570000000.0,2.07,4960000000.0,6.65,13960000000.0,346.76,1.3,5.31,1.12,44.1,47.98,6030000.0,745050000.0
2024-07-23,LEN,46970000000.0,46710000000.0,11.76,12.06,1.44,1.34,1.76,1.31,8.23,11.58,14.13,9.27,15.96,35780000000.0,128.58,5720000000.0,4100000000.0,14.66,6380000000.0,11.62,3810000000.0,14.12,11.25,97.88,1.6,156.3,146.61,2190000.0,241700000.0
2024-07-23,LLY,779720000000.0,803350000000.0,127.54,63.29,1.4,21.77,60.86,22.36,82.91,17.08,31.2,12.6,50.75,35930000000.0,39.92,13370000000.0,6140000000.0,6.75,2650000000.0,2.95,26350000000.0,204.28,1.35,14.23,0.41,858.35,715.96,2870000.0,900400000.0
2024-07-23,LIN,214450000000.0,229920000000.0,34.64,28.82,2.75,6.67,5.52,7.02,18.56,19.26,25.95,6.52,15.83,32760000000.0,67.45,12200000000.0,6310000000.0,12.89,4850000000.0,10.09,20320000000.0,50.51,0.91,80.78,0.94,436.12,424.04,1720000.0,480720000.0
2024-07-23,LYV,22000000000.0,23520000000.0,87.22,66.23,2.27,0.94,31.01,1.0,13.79,2.22,3.92,3.53,58.68,23420000000.0,102.3,1630000000.0,252100000.0,1.09,6500000000.0,28.3,8020000000.0,552.15,0.92,-0.5,1.34,94.26,92.07,2140000.0,231440000.0
2024-07-23,LKQ,12040000000.0,17310000000.0,14.55,11.57,1.66,0.85,1.95,1.22,10.17,5.8,8.83,6.16,13.98,14220000000.0,53.15,1720000000.0,830000000.0,3.1,345000000.0,1.29,5610000000.0,90.93,1.7,23.07,1.29,42.77,46.67,1870000.0,266780000.0
2024-07-23,LMT,112920000000.0,129550000000.00002,17.37,18.48,4.93,1.69,16.98,1.86,12.5,9.73,12.0,10.22,83.16,69640000000.0,282.17,10150000000.0,6780000000.0,27.34,2790000000.0,11.63,19420000000.0,292.0,1.3,27.82,0.46,465.88,449.76,905170.0,237940000.0
2024-07-23,LULU,35630000000.0,35130000000.0,22.87,20.0,1.15,3.68,8.44,3.57,13.36,16.09,19.59,22.56,41.94,9830000000.0,77.74,2630000000.0,1580000000.0,12.45,1900000000.0,15.2,1400000000.0,33.23,2.72,33.6,1.26,309.28,400.51,2350000.0,119890000.0
2024-07-23,LYB,31740000000.0,42000000000.0,15.04,11.89,0.97,0.78,2.45,1.03,9.19,5.18,7.05,5.62,16.32,40780000000.0,125.59,4660000000.0,2110000000.0,6.48,2340000000.0,7.19,12800000000.0,97.65,2.12,39.89,1.1,96.8,96.61,1650000.0,325620000.0
2024-07-23,MPC,58450000000.0,79410000000.0,8.25,11.05,15.65,0.44,2.55,0.54,4.87,5.36,4.76,8.16,29.64,147390000000.0,381.6,14600000000.0,7890000000.0,20.12,7570000000.0,21.5,28530000000.0,95.84,1.43,64.57,1.39,172.62,168.6,2560000.0,352330000.0
2024-07-23,MKTX,8439999999.999999,8060000000.000001,32.68,32.47,3.22,11.04,6.4,10.62,19.58,33.83,43.98,10.98,21.07,759700000.0,20.2,384460000.0,257040000.00000003,6.81,476110000.0,12.56,78240000.0,5.93,19.39,34.75,1.03,205.78,226.93,433140.0,37900000.0
2024-07-23,MMC,107710000000.0,121490000000.0,27.17,25.38,2.67,4.62,8.06,5.14,17.98,16.97,27.45,8.35,31.64,23630000000.0,47.98,7090000000.0,4010000000.0,8.06,1650000000.0,3.36,15430000000.0,113.79,1.17,27.17,0.93,211.02,200.66,1640000.0,491760000.0
2024-07-23,MLM,35000000000.0,37090000000.0,16.68,26.74,3.41,5.28,3.94,5.56,10.85,31.36,8.95,6.08,26.3,6670000000.0,107.95,2030000000.0,2110000000.0,34.01,2650000000.0,42.96,4740000000.0,53.43,3.16,143.98,0.91,561.76,528.68,465260.0,61640000.0
2024-07-23,MA,416410000000.0,424380000000.0,35.61,31.25,1.51,16.4,57.49,16.51,26.93,46.09,58.76,22.89,186.32,25700000000.0,27.37,15750000000.0,11850000000.0,12.59,7660000000.0,8.24,15630000000.0,213.86,1.09,7.78,1.09,448.69,438.84,2600000.0,922470000.0
2024-07-23,MKC,19700000000.0,24000000000.0,26.8,25.58,2.61,2.96,3.7,3.59,19.06,11.07,14.5,5.05,14.35,6680000000.0,24.89,1230000000.0,739600000.0,2.74,166300000.0,0.62,4470000000.0,83.48,0.69,19.83,0.75,71.26,68.93,1910000.0,252020000.0
2024-07-23,MDT,101680000000.0,118700000000.0,28.73,14.58,1.47,3.26,2.03,3.67,14.47,11.36,21.47,4.43,7.26,32360000000.0,24.38,9060000000.0,3680000000.0,2.76,8010000000.0,6.24,26050000000.0,51.66,2.03,38.29,0.83,81.04,80.95,6410000.0,1280000000.0
2024-07-23,MRK,318350000000.0,346950000000.0,139.66,14.6,0.1,5.21,7.89,5.65,38.63,3.76,42.47,10.26,5.31,61400000000.0,24.22,21210000000.0,2310000000.0,0.9,5620000000.0,2.22,34220000000.0,84.65,1.25,15.94,0.39,128.67,119.34,8420000.0,2530000000.0
2024-07-23,META,1240000000000.0,1220000000000.0,28.04,24.69,1.15,9.0,8.27,8.52,18.19,32.06,38.58,17.31,33.36,142710000000.0,55.67,68450000000.0,45760000000.0,17.4,58120000000.0,22.91,37630000000.0,25.17,2.68,58.94,1.21,492.43,426.5,15080000.0,2190000000.0
2024-07-23,MGM,13730000000.0,42390000000.0,16.71,15.77,1.63,0.91,3.97,2.54,17.53,5.37,11.45,2.44,24.43,16629999999.999998,48.69,2480000000.0,893810000.0,2.62,2720000000.0,8.68,31730000000.0,781.68,1.51,10.98,2.25,41.92,41.84,3610000.0,313680000.0
2024-07-23,MCHP,49960000000.0,55670000000.0,26.76,33.78,3.76,6.68,7.5,7.29,16.2,24.98,17.85,9.92,28.96,7630000000.0,14.09,3440000000.0,1910000000.0,3.48,319700000.0,0.6,6160000000.0,92.54,1.2,12.41,1.54,93.36,86.92,5980000.0,536500000.0
2024-07-23,MSFT,3290000000000.0,3290000000000.0,38.38,33.0,2.18,13.98,13.0,13.91,25.77,36.43,44.59,15.41,38.49,236580000000.0,31.83,125980000000.0,86180000000.0,11.56,80010000000.0,10.77,106230000000.0,41.96,1.24,34.06,0.89,437.87,399.5,18790000.0,7430000000.0
2024-07-23,TAP,11140000000.0,16899999999.999998,10.48,9.62,2.92,0.95,0.85,1.41,7.27,9.07,12.18,4.23,8.32,11950000000.0,55.58,2440000000.0,1080000000.0,5.01,458400000.0,2.16,6440000000.0,48.19,0.69,61.83,0.82,52.73,59.73,2290000.0,197270000.0
2024-07-23,MDLZ,89250000000.0,107450000000.0,21.19,19.08,2.87,2.51,3.13,2.97,13.29,11.87,30.55,5.97,15.13,36140000000.0,26.6,8420000000.0,4290000000.0,3.14,1380000000.0,1.03,19570000000.0,68.63,0.77,21.19,0.54,67.61,69.73,6600000.0,1340000000.0
2024-07-23,MPWR,41730000000.0,40450000000.0,102.19,63.69,2.8,22.91,19.74,22.13,82.32,22.44,20.94,11.79,21.09,1830000000.0,38.11,491780000.0,410110000.0,8.4,1290000000.0,26.43,8550000.0,0.41,6.34,43.43,1.12,791.49,654.27,495990.0,48670000.0
2024-07-23,MNST,49630000000.0,46070000000.0,31.87,28.09,1.78,7.25,5.79,6.28,22.12,22.83,28.54,13.65,20.98,7340000000.0,7.03,2140000000.0,1680000000.0,1.58,3560000000.0,3.42,61910000.0,0.72,4.91,8.23,0.76,51.26,54.31,10020000.0,985430000.0
2024-07-23,MCO,82240000000.0,87040000000.0,49.17,40.98,2.98,13.28,23.0,13.97,30.05,27.01,45.24,10.38,49.58,6230000000.0,34.05,2860000000.0,1680000000.0,9.14,2530000000.0,13.88,7530000000.0,201.61,1.42,19.58,1.28,418.92,382.27,716270.0,182610000.0
2024-07-23,MOS,9450000000.0,13890000000.0,12.45,11.61,1.97,0.76,0.79,1.09,7.0,6.07,7.57,2.72,6.66,12770000000.0,38.94,2080000000.0,775300000.0,2.36,336700000.0,1.05,4780000000.0,39.31,1.16,37.4,1.42,29.13,32.11,4430000.0,321390000.0
2024-07-23,MSI,66069999999.99999,71440000000.0,48.97,30.12,2.45,6.63,126.82,7.01,31.25,13.65,24.03,12.64,355.47,10200000000.0,61.15,2940000000.0,1390000000.0,8.08,1510000000.0,9.06,6880000000.0,1280.45,1.19,3.12,0.95,377.68,336.0,687810.0,166790000.0
2024-07-23,NDAQ,36340000000.0,46180000000.0,33.71,23.42,2.04,5.38,3.36,7.44,22.35,15.97,27.12,4.54,11.64,6210000000.0,11.79,2260000000.0,991000000.0,1.87,401000000.0,0.7,10460000000.0,96.72,0.99,18.77,0.95,60.64,57.48,2380000.0,576530000.0
2024-07-23,NTAP,26410000000.0,25810000000.0,27.72,18.52,1.06,4.36,23.05,4.12,16.32,15.73,22.0,8.04,85.55,6270000000.0,30.14,1490000000.0,986000000.0,4.63,3260000000.0,15.83,2650000000.0,231.41,1.19,5.56,1.26,122.69,97.98,2100000.0,205800000.0
2024-07-23,NFLX,277880000000.0,285210000000.0,40.44,35.09,1.55,7.92,12.57,7.86,11.89,19.54,27.23,10.82,31.57,36300000000.0,83.49,8990000000.0,7090000000.0,15.99,6660000000.0,15.51,16520000000.0,74.73,0.95,51.53,1.27,652.84,552.22,3270000.0,429160000.0
2024-07-23,NEM,54530000000.0,61640000000.0,44.33,12.5,0.79,3.34,1.89,4.69,143.35,-20.33,23.81,1.54,-10.98,13160000000.0,14.14,3720000000.0,-2690000000.0,-3.27,2360000000.0,2.05,9470000000.0,32.56,2.15,25.06,0.49,43.11,38.63,8610000.0,1150000000.0
2024-07-23,NWSA,15950000000.0,18070000000.0,74.95,29.24,1.3,1.6,1.96,1.82,14.71,2.09,5.45,2.9,2.81,9940000000.0,17.38,1260000000.0,208000000.0,0.37,1940000000.0,3.4,3950000000.0,44.38,1.36,14.1,1.34,27.07,24.6,2750000.0,378480000.0
2024-07-23,NWS,15950000000.0,18070000000.0,77.41,30.21,1.34,1.65,2.02,1.82,14.71,2.09,5.45,2.9,2.81,9940000000.0,17.38,1260000000.0,208000000.0,0.37,1940000000.0,3.4,3950000000.0,44.38,1.36,14.1,1.34,27.84,25.5,791650.0,190340000.0
2024-07-23,NEE,149780000000.0,228070000000.0,19.92,21.41,3.4,5.49,3.08,8.41,14.26,27.62,34.78,3.28,11.45,27130000000.0,13.31,15310000000.0,7490000000.0,3.66,1640000000.0,0.8,79940000000.0,134.6,0.51,23.67,0.54,74.18,63.06,11460000.0,2050000000.0
2024-07-23,NI,13810000000.0,26680000000.0,20.0,17.92,1.93,2.63,1.75,5.09,11.51,14.23,34.06,2.95,8.28,5250000000.0,12.35,2180000000.0,686700000.0,1.54,102200000.0,0.23,12970000000.0,132.42,0.66,17.62,0.5,28.88,26.98,4270000.0,448300000.0
2024-07-23,NDSN,13780000000.0,15300000000.0,28.67,22.57,2.02,5.22,4.94,5.77,18.76,18.23,26.07,9.24,18.3,2650000000.0,46.46,816810000.0,483460000.0,8.4,125450000.0,2.19,1650000000.0,59.26,2.21,48.69,0.91,238.97,247.22,258500.0,57270000.0
2024-07-23,NSC,51520000000.0,68450000000.0,36.72,19.42,1.15,4.3,4.11,5.69,17.92,11.76,7.66,5.49,11.19,12030000000.0,53.12,4890000000.0,1410000000.0,6.2,652000000.0,2.89,18120000000.0,144.52,0.68,55.49,1.32,223.28,229.3,1340000.0,225910000.0
2024-07-23,NOC,64830000000.0,78350000000.0,30.53,17.79,0.88,1.65,4.56,1.95,17.89,5.38,12.23,3.81,14.7,40120000000.0,266.46,4140000000.0,2160000000.0,14.37,3060000000.0,20.68,18150000000.0,127.64,1.13,96.04,0.32,444.37,460.14,927550.0,147990000.0
2024-07-23,NCLH,8460000000.000001,21650000000.0,24.36,14.84,0.38,0.95,23.38,2.43,10.6,3.84,9.97,3.73,261.18,8920000000.0,20.96,2060000000.0,342850000.0,0.81,559810000.0,1.3,14430000000.0,3984.37,0.24,0.84,2.7,17.59,17.38,13950000.0,429040000.0
2024-07-23,NVDA,3040000000000.0,3020000000000.0,72.29,47.17,1.4,38.62,61.84,37.84,59.57,53.4,64.93,49.1,115.66,79770000000.0,3.23,49270000000.0,42600000000.0,1.7,31440000000.0,1.28,11240000000.0,22.87,3.53,2.0,1.68,116.82,77.55,381510000.0,24600000000.0
2024-07-23,NXPI,72570000000.0,79660000000.0,26.23,20.33,1.96,5.57,8.22,6.0,16.31,21.24,27.61,10.01,32.68,13280000000.0,51.55,4800000000.0,2820000000.0,10.81,3310000000.0,12.94,10180000000.0,111.23,2.36,34.47,1.5,272.96,233.88,1940000.0,255680000.0
2024-07-23,OXY,54270000000.0,82120000000.0,17.69,15.2,3.29,2.16,2.41,3.04,6.07,16.0,17.07,4.44,13.52,27010000000.0,30.52,12200000000.0,3300000000.0,3.46,1270000000.0,1.43,20840000000.0,67.29,0.95,25.4,1.64,61.91,61.67,6860000.0,886640000.0
2024-07-23,ODFL,42440000000.0,41940000000.0,34.39,31.95,2.73,7.29,9.64,7.13,21.08,21.19,26.47,19.37,30.6,5880000000.0,26.96,1980000000.0,1250000000.0,5.68,580970000.0,2.67,79980000.0,1.82,2.3,20.23,1.0,179.39,197.64,1930000.0,217280000.0
2024-07-23,OMC,17950000000.0,22300000000.0,12.69,11.55,1.44,1.21,4.94,1.47,8.89,9.55,14.74,5.41,35.42,15120000000.0,76.55,2490000000.0,1440000000.0,7.23,2710000000.0,13.86,7060000000.0,151.63,0.93,18.58,0.97,91.93,87.56,1590000.0,195650000.0
2024-07-23,ON,33270000000.000004,34020000000.000004,15.78,19.23,2.02,4.21,4.1,4.17,10.59,26.67,28.27,12.22,29.8,8160000000.0,18.98,3140000000.0,2180000000.0,4.9,2610000000.0,6.08,3590000000.0,44.14,2.88,18.9,1.69,72.76,74.88,6040000.0,430230000.0
2024-07-23,OKE,49280000000.0,71210000000.0,19.96,16.81,7.9,2.45,3.0,3.97,14.76,12.54,22.25,6.89,19.08,17940000000.0,34.61,4660000000.0,2250000000.0,4.23,65000000.0,0.11,22000000000.0,133.79,0.7,28.18,1.62,81.31,74.17,2450000.0,583650000.0
2024-07-23,ORCL,386290000000.0,462500000000.0,37.78,22.37,2.07,7.47,44.38,8.73,21.62,19.76,33.26,7.16,193.92,52960000000.0,19.3,21230000000.0,10470000000.0,3.71,10660000000.0,3.87,94410000000.0,1021.91,0.71,3.16,1.01,132.42,118.01,8550000.0,2760000000.0
2024-07-23,PCAR,57160000000.0,63170000000.0,11.33,13.26,1.18,1.62,3.39,1.78,9.21,14.3,16.55,10.0,32.92,35400000000.0,67.52,6450000000.0,5060000000.0,9.63,7730000000.0,14.74,14120000000.0,83.7,4.7,32.19,0.92,106.15,102.77,2840000.0,524140000.0
2024-07-23,PKG,17370000000.0,19350000000.0,24.18,22.47,4.41,2.22,4.31,2.48,12.79,9.25,10.85,7.78,18.54,7810000000.0,87.61,1560000000.0,716400000.0,8.01,1180000000.0,13.29,3160000000.0,78.46,2.46,45.22,0.78,183.46,172.06,532200.0,89800000.0
2024-07-23,PANW,108050000000.0,106690000000.0,48.22,53.19,1.36,15.17,24.18,13.69,84.06,31.42,9.09,3.42,85.88,7790000000.0,24.75,1080000000.0,2450000000.0,6.91,2890000000.0,8.93,1530000000.0,34.3,0.83,13.81,1.14,318.72,297.56,3340000.0,323800000.0
2024-07-23,PH,70970000000.0,81930000000.0,25.95,20.75,2.17,3.62,6.12,4.13,16.51,13.95,20.03,8.64,25.89,19840000000.0,154.43,5060000000.0,2770000000.0,21.26,415450000.0,3.23,11370000000.0,98.02,0.87,90.17,1.44,527.25,490.93,748600.0,128540000.0
2024-07-23,PAYX,44290000000.0,43650000000.0,26.33,24.69,3.74,8.44,11.65,8.27,17.95,32.03,37.2,12.99,46.35,5280000000.0,14.65,2350000000.0,1690000000.0,4.67,1500000000.0,4.17,885500000.0,23.3,1.37,10.56,0.99,121.98,120.68,1910000.0,360130000.0
2024-07-23,PYPL,63570000000.0,58940000000.0,15.31,14.43,1.28,2.18,3.07,1.94,8.47,14.26,17.95,3.95,21.4,30430000000.0,28.0,5660000000.0,4340000000.0,3.97,14320000000.0,13.69,11660000000.0,56.31,1.28,19.66,1.42,61.67,60.7,11960000.0,1050000000.0
2024-07-23,PNR,13280000000.0,15380000000.0,21.22,19.12,1.79,3.26,3.99,3.76,18.1,15.3,19.94,7.36,20.46,4090000000.0,24.76,904500000.0,627900000.0,3.77,109100000.0,0.66,2210000000.0,66.31,1.9,20.04,1.21,79.48,74.01,1550000.0,166020000.0
2024-07-23,PEP,230290000000.0,268550000000.0,24.33,20.58,2.0,2.52,11.84,2.92,16.41,10.34,18.51,9.06,51.26,92050000000.0,66.97,17059999999.999998,9520000000.0,6.89,6670000000.0,4.85,44930000000.0,229.45,0.82,14.15,0.53,170.28,168.66,5200000.0,1370000000.0
2024-07-23,PCG,47720000000.0,105630000000.0,16.29,13.51,1.47,1.62,1.85,4.39,13.38,9.99,23.89,2.06,9.7,24080000000.0,11.47,7750000000.0,2400000000.0,1.12,658000000.0,0.31,58570000000.0,225.41,0.99,12.04,1.09,17.98,17.14,12930000.0,2610000000.0
2024-07-23,PNW,9370000000.0,19860000000.0,17.97,17.42,2.79,2.0,1.51,4.22,10.84,11.09,8.23,2.28,8.64,4700000000.0,41.43,1750000000.0,521720000.0,4.59,9630000.0,0.09,10500000000.0,166.47,0.58,54.59,0.5,77.39,73.6,964860.0,113560000.0
2024-07-23,PPG,29950000000.0,35960000000.0,21.04,15.29,1.18,1.68,3.86,1.99,12.91,7.98,15.21,6.52,18.87,18100000000.0,76.82,2860000000.0,1440000000.0,6.1,1200000000.0,5.15,7220000000.0,90.91,1.49,33.29,1.26,129.9,136.03,1510000.0,233300000.0
2024-07-23,PPL,21390000000.0,37160000000.0,28.16,16.95,1.44,2.61,1.52,4.53,12.5,9.29,24.0,2.95,5.43,8199999999.999999,11.12,3180000000.0,762000000.0,1.03,276000000.0,0.37,16110000000.0,114.57,1.28,19.06,0.83,28.46,26.82,4660000.0,737740000.0
2024-07-23,PG,397090000000.0,423050000000.0,27.49,24.21,3.57,4.95,8.06,5.03,18.47,17.99,22.94,11.16,31.79,84060000000.0,35.62,24220000000.0,14840000000.0,6.12,6830000000.0,2.89,31980000000.0,63.54,0.69,20.87,0.4,166.36,156.99,5920000.0,2360000000.0
2024-07-23,PEG,37760000000.0,58540000000.0,21.0,20.62,9.16,3.7,2.4,5.72,14.01,17.65,25.51,3.07,11.88,10240000000.0,20.55,3840000000.0,1810000000.0,3.61,1190000000.0,2.38,21960000000.0,139.69,0.8,31.5,0.61,74.19,65.49,2800000.0,498080000.0
2024-07-23,PTC,21360000000.0,23300000000.0,74.65,28.9,1.41,9.56,7.26,10.39,34.47,12.84,29.82,5.33,10.54,2240000000.0,18.84,607520000.0,287830000.0,2.39,248970000.0,2.08,2190000000.0,74.39,0.76,24.58,1.18,178.96,171.83,836130.0,119740000.0
2024-07-23,PSA,53490000000.0,66640000000.0,27.65,28.9,9.9,11.71,9.55,14.55,19.45,46.42,45.44,7.72,21.32,4610000000.0,26.25,3330000000.0,1940000000.0,11.02,271640000.0,1.55,9070000000.0,90.27,0.6,31.86,0.64,285.15,277.49,694270.0,175720000.0
2024-07-23,PHM,26430000000.0,26630000000.0,10.08,10.37,0.35,1.67,2.46,1.62,7.2,16.63,20.61,14.13,27.3,16440000000.000002,75.86,3630000000.0,2730000000.0,12.48,1720000000.0,8.19,2590000000.0,24.1,5.74,51.09,1.62,114.17,103.06,1810000.0,210340000.0
2024-07-23,PWR,39190000000.0,42670000000.0,51.98,31.35,1.93,1.86,6.17,1.99,23.2,3.58,2.86,4.73,13.12,21490000000.0,147.57,1750000000.0,768000000.0,5.14,531060000.0,3.63,4010000000.0,62.92,1.36,43.42,1.03,267.48,226.69,980170.0,146390000.0
2024-07-23,QCOM,217590000000.0,219190000000.0,26.0,17.06,1.15,6.04,8.89,6.02,19.71,23.03,24.92,11.14,38.27,36410000000.0,32.64,10840000000.0,8449999999.999999,7.51,13850000000.0,12.41,15460000000.0,63.17,2.65,21.89,1.27,203.12,159.63,9910000.0,1120000000.0
2024-07-23,DGX,16370000000.000002,21250000000.0,19.83,16.69,1.72,1.79,2.54,2.29,12.2,9.11,13.4,6.2,14.15,9290000000.0,83.11,1780000000.0,842000000.0,7.43,474000000.0,4.27,5350000000.0,81.76,0.97,57.95,0.88,140.92,133.62,887350.0,111090000.0
2024-07-23,RL,10540000000.0,11430000000.0,17.32,15.31,1.8,1.69,4.3,1.72,10.9,9.75,7.69,7.43,26.48,6630000000.0,101.71,1020000000.0,646300000.0,9.71,1780000000.0,28.53,2680000000.0,109.18,2.29,38.71,1.53,176.22,155.71,908090.0,40770000.0
2024-07-23,RTX,137960000000.0,176610000000.0,40.85,19.72,0.89,2.05,2.28,2.49,17.95,4.9,9.54,1.99,5.34,71010000000.0,50.98,9350000000.0,3480000000.0,2.54,5610000000.0,4.22,44250000000.0,71.22,1.07,45.5,0.55,104.24,91.96,6300000.0,1330000000.0
2024-07-23,O,50120000000.0,75490000000.0,53.3,38.31,5.84,9.65,1.29,17.18,20.31,17.73,43.5,1.97,2.28,4400000000.0,5.97,3910000000.0,776990000.0,1.08,680160000.0,0.78,25980000000.0,66.07,2.24,44.77,0.97,53.89,53.5,5310000.0,870770000.0
2024-07-23,REG,12350000000.0,17400000000.0,32.6,34.84,4.83,8.77,1.82,12.72,18.98,26.63,37.75,2.8,5.78,1420000000.0,7.89,863610000.0,368580000.0,2.05,241410000.0,1.31,4660000000.0,64.95,0.79,36.86,1.22,61.64,61.46,1020000.0,184780000.0
2024-07-23,REGN,117870000000.0,110050000000.0,31.58,24.45,1.77,9.31,4.37,8.4,24.19,29.45,24.12,7.74,15.28,13100000000.0,122.57,4420000000.0,3860000000.0,33.91,10520000000.0,97.51,2700000000.0,10.02,5.27,250.15,0.13,1024.34,926.56,441250.0,108370000.0
2024-07-23,RSG,64590000000.0,77570000000.0,35.98,34.36,4.0,4.26,5.97,5.09,17.5,11.81,19.13,6.06,17.37,15250000000.0,48.27,4510000000.0,1800000000.0,5.7,91600000.0,0.29,13070000000.0,120.8,0.53,34.36,0.7,191.55,175.93,1170000.0,314930000.0
2024-07-23,RMD,30450000000.0,31380000000.0,31.89,24.63,1.83,6.67,6.58,6.85,20.84,20.91,31.29,11.91,22.39,4580000000.0,31.17,1440000000.0,958380000.0,6.51,259450000.0,1.77,1170000000.0,25.21,3.04,31.52,0.66,205.88,181.61,1090000.0,146910000.0
2024-07-23,RVTY,13660000000.0,15970000000.0,75.3,23.75,2.02,5.04,1.74,5.86,22.2,5.49,11.25,1.6,2.31,2730000000.0,21.98,789420000.0,183350000.0,1.47,1700000000.0,13.74,4000000000.0,51.02,2.23,63.54,1.05,108.31,103.25,872330.0,123390000.0
2024-07-23,ROK,31430000000.0,35060000000.0,26.98,21.64,2.73,3.54,8.87,3.9,19.64,13.19,15.85,8.49,30.25,8980000000.0,78.36,1830000000.0,1180000000.0,10.23,470500000.0,4.13,4090000000.0,109.96,1.11,31.08,1.37,266.26,278.77,921560.0,114000000.0
2024-07-23,ROL,24530000000.0,25270000000.0,56.28,50.25,3.98,7.81,21.01,7.99,34.84,13.94,17.69,15.94,35.93,3160000000.0,6.49,716270000.0,441120000.0,0.9,112970000.0,0.23,854920000.0,73.23,0.72,2.41,0.7,48.04,43.59,1590000.0,484230000.0
2024-07-23,ROP,61720000000.0,69240000000.0,42.33,31.65,2.89,9.71,3.47,10.84,24.61,23.21,28.64,3.99,8.59,6390000000.0,59.83,2590000000.0,1470000000.0,13.61,198400000.0,1.85,7720000000.0,43.39,0.49,166.26,1.01,550.53,535.85,523620.0,107050000.0
2024-07-23,ROST,48340000000.0,49520000000.0,24.44,24.63,2.46,2.35,9.77,2.39,15.86,9.6,12.17,10.86,43.02,20740000000.0,62.19,2870000000.0,1990000000.0,5.93,4650000000.0,13.95,5830000000.0,117.92,1.54,14.82,1.09,142.69,136.36,2640000.0,333580000.0
2024-07-23,RCL,43370000000.0,64120000000.00001,21.47,15.24,0.67,3.31,8.42,4.35,12.66,14.28,20.12,6.19,50.68,14740000000.0,57.47,4850000000.0,2100000000.0,7.85,437000000.0,1.7,21180000000.0,397.84,0.19,20.02,2.63,154.2,126.83,2170000.0,257350000.00000003
2024-07-23,SPGI,152480000000.0,163170000000.0,54.63,34.36,1.75,12.04,4.44,12.72,30.17,22.0,41.85,4.97,7.95,12830000000.0,40.53,6010000000.0,2820000000.0,8.92,1540000000.0,4.93,12330000000.0,32.24,0.92,109.64,1.16,445.94,423.26,1200000.0,312900000.0
2024-07-23,CRM,246200000000.0,241050000000.0,45.7,25.64,1.3,6.99,4.13,6.74,23.69,15.3,18.8,4.34,9.34,35740000000.0,36.79,9200000000.0,5470000000.0,5.56,17670000000.0,18.24,13390000000.0,22.44,1.11,61.47,1.29,254.66,260.63,8300000.000000001,969000000.0
2024-07-23,NOW,155370000000.0,152530000000.0,80.82,56.18,2.55,16.48,19.17,16.09,83.13,20.34,12.76,3.81,28.13,9480000000.0,46.33,1520000000.0,1930000000.0,9.38,5110000000.0,24.93,2270000000.0,28.04,1.05,39.47,0.99,739.65,712.43,1420000.0,205380000.0
2024-07-23,SHW,81730000000.0,94240000000.0,34.37,28.74,4.29,3.61,23.33,4.1,22.61,10.52,13.61,9.77,72.46,22980000000.0,90.33,4260000000.0,2420000000.0,9.38,179900000.0,0.71,12680000000.0,362.02,0.78,13.88,1.16,306.1,300.13,1780000.0,253550000.0
2024-07-23,SPG,51410000000.0,74950000000.0,20.09,28.57,8.28,8.96,16.77,13.03,14.13,44.57,50.96,5.37,79.01,5750000000.0,17.61,4180000000.0,2560000000.0,7.86,1250000000.0,3.84,26050000000.0,692.3,0.65,9.4,1.77,149.46,139.42,1460000.0,325940000.0
2024-07-23,SWKS,19000000000.0,18990000000.0,22.3,18.21,2.34,4.2,2.99,4.19,12.88,18.85,18.06,6.94,14.15,4540000000.0,28.41,1280000000.0,855200000.0,5.3,1220000000.0,7.59,1210000000.0,19.02,5.19,39.65,1.23,101.42,101.24,2670000.0,160450000.0
2024-07-23,SJM,12370000000.0,20860000000.0,16.3,11.65,1.28,1.48,1.61,2.55,12.33,9.1,19.79,5.14,9.93,8180000000.0,78.57,1880000000.0,743800000.0,7.12,62000000.0,0.58,8560000000.000001,111.25,0.52,72.45,0.25,112.26,118.06,1230000.0,106430000.0
2024-07-23,SNA,14470000000.0,14500000000.0,14.27,14.64,2.01,2.89,2.74,2.84,9.66,20.22,28.76,11.55,20.97,5110000000.0,96.86,1470000000.0,1030000000.0,19.26,1230000000.0,23.4,1280000000.0,24.15,4.06,100.39,0.98,268.86,275.44,290650.0,52680000.0
2024-07-23,SO,89500000000.0,154030000000.0,21.2,20.33,2.88,3.54,2.8,6.06,12.54,16.69,27.93,3.14,11.74,25420000000.0,23.26,11920000000.0,4240000000.0,3.86,713000000.0,0.65,65459999999.99999,183.82,0.92,29.19,0.5,78.88,71.88,4210000.0,1090000000.0
2024-07-23,LUV,16550000000.0,15200000000.0,43.22,26.32,0.79,0.66,1.62,0.57,6.5,1.47,-6.21,1.35,3.84,26710000000.0,44.84,2090000000.0,393000000.0,0.64,10510000000.0,17.57,9160000000.0,89.85,1.09,17.04,1.15,27.83,28.23,10410000.0,598460000.0
2024-07-23,STLD,20080000000.0,21860000000.0,10.19,10.62,10.91,1.14,2.2,1.2,6.97,11.1,12.07,10.81,22.78,18150000000.0,113.04,3010000000.0,2010000000.0,12.53,1250000000.0,7.96,3030000000.0,33.21,2.35,58.21,1.37,129.07,124.06,1320000.0,157130000.0
2024-07-23,STE,22610000000.0,25790000000.0,41.22,25.19,1.19,4.42,3.59,5.02,18.26,7.36,18.83,5.18,8.92,5140000000.0,52.02,1360000000.0,551440000.0,5.56,207020000.0,2.09,3380000000.0,53.57,3.08,63.73,0.83,223.98,218.27,515250.0,98850000.0
2024-07-23,SYK,130430000000.0,140890000000.0,39.09,28.9,2.92,6.27,6.8,6.72,27.23,16.03,18.56,7.23,18.64,20960000000.0,55.17,5440000000.0,3360000000.0,8.77,2410000000.0,6.32,13400000000.0,69.89,1.71,50.33,0.9,338.05,320.21,1290000.0,380950000.0
2024-07-23,SNPS,90050000000.0,89030000000.0,64.09,39.22,2.69,14.48,12.59,14.11,49.82,22.6,22.83,8.71,21.58,6310000000.0,41.44,1620000000.0,1420000000.0,9.17,1660000000.0,10.83,644720000.0,8.97,1.86,46.69,1.07,587.11,547.57,829950.0,153220000.0
2024-07-23,SYY,36660000000.0,49180000000.0,17.96,15.82,1.79,0.48,17.45,0.63,11.53,2.66,4.16,7.75,111.02,78020000000.0,154.82,3790000000.0,2080000000.0,4.1,598320000.0,1.2,13120000000.0,614.97,1.34,4.21,1.18,72.79,74.04,3310000.0,497980000.0
2024-07-23,TMUS,208510000000.0,317470000000.0,24.14,19.68,0.86,2.69,3.36,4.04,11.37,11.15,21.07,4.88,13.57,78520000000.0,66.74,29250000000.0,8750000000.0,7.35,6710000000.0,5.72,116220000000.0,187.22,0.94,52.73,0.51,174.48,161.22,5100000.0,1180000000.0
2024-07-23,TROW,25900000000.0,23780000000.0,13.77,13.02,2.03,3.9,2.65,3.56,8.88,29.09,33.52,10.27,19.17,6670000000.0,29.8,2540000000.0,1890000000.0,8.42,2420000000.0,10.82,380200000.0,3.56,1.85,43.78,1.43,116.22,109.37,1130000.0,223300000.0
2024-07-23,TPR,9600000000.0,11450000000.0,11.08,8.36,2.04,1.46,3.46,1.71,8.45,13.15,16.14,7.61,34.96,6700000000.0,29.21,1440000000.0,880800000.0,3.77,7420000000.0,32.28,9270000000.0,334.04,6.59,12.08,1.62,42.15,38.81,2820000.0,229770000.0
2024-07-23,TRGP,30540000000.0,43570000000.0,28.4,27.1,1.58,1.92,11.3,2.71,11.53,6.98,14.02,7.62,30.18,16100000000.000002,71.98,3780000000.0,1100000000.0,4.85,109900000.0,0.5,13130000000.0,286.89,0.7,12.17,2.26,123.69,101.93,1420000.0,221720000.0
2024-07-23,TGT,69870000000.0,85760000000.0,16.93,16.23,2.32,0.66,5.05,0.8,9.94,3.87,5.4,6.84,32.46,106620000000.0,230.87,8720000000.0,4130000000.0,8.93,3600000000.0,7.79,19980000000.0,144.37,0.86,29.92,1.19,150.0,144.56,4080000.0,462640000.0
2024-07-23,TEL,46830000000.0,49850000000.0,13.94,18.32,1.76,3.02,3.76,3.15,14.22,21.63,18.25,7.99,28.93,15830000000.0,50.9,3620000000.0,3430000000.0,10.97,1180000000.0,3.84,4230000000.000001,33.7,1.45,40.57,1.33,150.69,139.69,1680000.0,306230000.0
2024-07-23,TFX,10480000000.0,12110000000.0,35.56,16.37,1.38,3.51,2.33,4.03,18.67,9.82,-0.17,3.31,6.87,3000000000.0,63.85,629050000.0,296020000.0,6.25,256300000.0,5.44,1900000000.0,42.09,2.51,95.61,1.13,211.91,220.28,508750.0,47100000.0
2024-07-23,TER,24110000000.0,23450000000.0,58.73,49.02,2.15,9.49,9.43,8.82,38.05,16.15,13.67,9.27,17.15,2660000000.0,17.31,615170000.0,429420000.0,2.63,748700000.0,4.8,82950000.0,3.24,3.73,16.64,1.5,144.81,112.19,2280000.0,156110000.0
2024-07-23,TSLA,802110000000.0,785160000000.0,64.32,101.01,4.56,9.26,12.46,8.29,56.91,14.37,5.5,4.72,23.74,94750000000.0,29.8,12260000000.0,13650000000.0,3.9,26860000000.0,8.42,9910000000.0,15.21,1.72,20.19,2.31,199.75,205.54,98960000.0,3190000000.0
2024-07-23,TXN,187450000000.0,191250000000.0,32.07,40.32,4.97,11.23,11.04,11.38,22.54,35.16,31.66,12.76,36.66,16800000000.0,18.49,7800000000.0,5880000000.0,6.42,10390000000.0,11.41,14190000000.0,83.55,4.91,18.66,0.97,196.97,171.39,5280000.0,910480000.0
2024-07-23,TXT,17510000000.0,19410000000.0,18.97,15.22,1.09,1.28,2.56,1.38,12.13,6.67,10.09,4.97,13.38,13900000000.0,71.63,1690000000.0,929000000.0,4.66,1340000000.0,7.01,3650000000.0,53.24,1.64,35.71,1.25,87.52,84.74,1130000.0,190700000.0
2024-07-23,TMO,208580000000.0,236940000000.0,35.05,25.25,2.19,4.98,4.58,5.58,20.88,14.2,16.67,4.82,13.62,42490000000.0,110.37,10780000000.0,6030000000.0,15.57,7250000000.0,18.99,35660000000.0,78.17,1.7,119.24,0.77,565.66,539.72,1490000.0,381720000.0
2024-07-23,TJX,127940000000.0,135530000000.0,28.09,26.95,2.81,2.38,17.05,2.47,18.77,8.47,10.74,12.78,66.83,54910000000.0,48.14,6960000000.0,4650000000.0,4.03,5060000000.0,4.48,12640000000.0,168.52,1.23,6.63,0.88,107.14,97.12,6020000.0,1130000000.0
2024-07-23,TSCO,29230000000.0,34050000000.0,26.4,26.18,2.62,2.02,13.76,2.32,17.94,7.66,7.75,10.17,55.58,14650000000.0,134.95,1900000000.0,1120000000.0,10.27,264080000.0,2.45,5080000000.0,239.38,1.4,19.69,0.81,274.26,239.9,1150000.0,107810000.0
2024-07-23,TT,76300000000.0,80330000000.0,35.63,32.36,2.9,4.26,11.07,4.41,24.18,11.81,14.97,10.08,33.9,18230000000.0,79.9,3330000000.0,2180000000.0,9.47,849900000.0,3.76,4880000000.0,70.63,1.13,30.39,1.21,331.42,275.04,1230000.0,226350000.0
2024-07-23,TRMB,13990000000.0,16879999999.999998,59.69,20.96,2.1,3.72,3.22,4.4,23.29,6.25,12.29,3.89,5.58,3840000000.0,15.5,808700000.0,239700000.0,0.96,255100000.0,1.04,3150000000.0,72.33,1.0,17.72,1.5,56.18,54.3,1310000.0,244210000.0
2024-07-23,TYL,22460000000.0,22910000000.0,119.98,58.14,2.93,11.4,7.43,11.5,55.08,9.5,13.07,3.29,6.63,1990000000.0,47.27,345300000.0,189210000.0,4.39,196940000.0,4.64,645420000.0,21.35,0.94,71.23,0.76,493.93,436.32,233880.0,42460000.0
2024-07-23,UBER,141520000000.0,146920000000.0,107.51,53.48,1.37,3.7,12.8,3.81,45.51,3.6,1.7,2.68,15.59,38590000000.0,18.8,2350000000.0,1390000000.0,0.63,5760000000.0,2.76,11310000000.0,90.52,1.21,5.3,1.36,68.48,65.11,18060000.0,2090000000.0
2024-07-23,ULTA,18690000000.0,20060000000.0,15.29,15.22,1.79,1.7,8.12,1.78,10.57,11.13,14.71,18.59,58.21,11300000000.0,231.55,1890000000.0,1260000000.0,25.62,524600000.0,10.99,1890000000.0,82.27,1.75,48.09,1.37,390.91,444.16,854140.0,47720000.0
2024-07-23,UNP,148420000000.0,180750000000.0,23.23,21.74,2.66,6.16,9.47,7.5,15.19,26.52,39.58,8.64,45.45,24090000000.0,39.57,11550000000.0,6390000000.0,10.46,945000000.0,1.55,33270000000.000004,212.36,0.93,25.68,1.07,231.68,233.51,2280000.0,610120000.0
2024-07-23,UAL,15850000000.0,32210000000.0,5.4,5.15,0.77,0.29,1.51,0.58,5.89,5.28,13.3,4.27,32.21,55640000000.0,169.49,7620000000.0,2940000000.0,8.92,15250000000.0,46.37,34250000000.0,325.42,0.77,32.01,1.45,50.36,44.42,7170000.0,328830000.0
2024-07-23,UPS,124210000000.0,144090000000.0,21.01,17.79,1.82,1.39,7.35,1.61,12.2,6.6,8.17,7.99,32.04,89740000000.0,104.65,12370000000.0,5930000000.0,6.91,4510000000.0,5.28,24400000000.0,144.08,1.1,19.78,0.98,140.04,148.06,3510000.0,729400000.0
2024-07-23,URI,49170000000.0,62110000000.0,20.04,17.12,1.5,3.46,6.06,4.27,9.23,17.31,24.96,9.87,32.98,14530000000.0,213.96,4470000000.0,2520000000.0,36.84,429000000.0,6.44,13370000000.0,164.67,0.89,121.56,1.71,663.2,600.28,566210.0,66590000.0
2024-07-23,UNH,514060000000.0,557840000000.0,36.96,20.16,1.58,1.36,5.43,1.46,20.13,3.66,7.97,7.07,15.58,385440000000.0,418.27,34820000000.0,14100000000.0,15.14,31320000000.0,33.75,75100000000.0,75.68,0.88,102.02,0.6,506.5,511.3,4100000.0,920390000.0
2024-07-23,VRSK,39750000000.0,42500000000.0,50.93,42.92,2.12,14.79,140.86,15.55,29.33,28.46,43.68,16.5,431.9,2730000000.0,18.93,1280000000.0,793900000.0,5.46,353500000.0,2.48,3100000000.0,1077.31,1.09,1.98,0.85,263.59,243.26,811630.0,142680000.0
2024-07-23,VZ,164570000000.0,335120000000.0,14.7,8.5,1.09,1.23,1.71,2.5,8.23,8.38,23.84,5.07,12.1,134240000000.00002,31.85,48660000000.0,11250000000.0,2.66,2430000000.0,0.58,172980000000.0,177.34,0.63,22.84,0.39,40.62,38.92,17080000.0,4210000000.0
2024-07-23,VRTX,127970000000.0,118520000000.0,32.18,30.77,0.67,12.69,6.9,11.64,23.67,39.46,45.2,12.82,24.38,10180000000.0,39.49,4580000000.0,4020000000.0,15.42,10170000000.0,39.42,721300000.0,3.89,3.5,71.8,0.39,467.39,414.93,1180000.0,258050000.0
2024-07-23,VTRS,13900000000.0,30930000000.0,28.56,4.24,0.06,0.92,0.69,2.01,9.23,-0.37,12.03,2.71,-0.27,15360000000.0,12.82,4730000000.0,-56100000.0,-0.05,1110000000.0,0.93,18210000000.0,90.99,1.66,16.81,0.94,10.75,10.9,8780000.0,1190000000.0
2024-07-23,V,547760000000.0,552260000000.0,29.95,23.81,1.46,16.13,13.86,16.18,23.06,53.87,66.56,16.02,46.53,34140000000.0,16.88,23940000000.0,18110000000.0,8.94,17700000000.0,8.85,20600000000.0,50.89,1.4,19.45,0.95,272.22,265.92,8090000.0,1570000000.0
2024-07-23,VST,27510000000.0,45330000000.0,48.57,16.31,0.68,2.16,8.65,3.38,11.86,5.66,3.6,2.94,12.99,13410000000.0,37.13,3670000000.0,598000000.0,1.63,1130000000.0,3.25,16469999999.999998,226.04,1.08,9.12,1.07,90.33,58.56,8780000.0,347460000.0
2024-07-23,VMC,34470000000.0,38010000000.0,37.66,30.03,2.48,4.53,4.6,4.95,18.72,11.92,11.04,6.11,12.77,7680000000.0,57.82,1990000000.0,925600000.0,6.93,292400000.0,2.21,3910000000.0,52.06,2.74,56.63,0.82,253.75,240.09,740880.0,132250000.0
2024-07-23,GWW,46690000000.0,48600000000.0,26.26,24.27,2.67,2.85,14.6,2.92,17.34,10.94,15.8,20.01,57.74,16620000000.000002,334.78,2820000000.0,1820000000.0,36.26,804000000.0,16.39,2730000000.0,77.74,2.19,65.18,1.17,925.7,885.93,264440.0,49070000.0
2024-07-23,WBA,9760000000.0,41730000000.0,5.98,5.3,3.55,0.07,0.72,0.29,-22.57,-3.99,0.3,1.3,-55.97,145530000000.0,168.63,3950000000.0,-5810000000.0,-6.74,711000000.0,0.82,33660000000.0,218.17,0.65,15.8,0.7,14.66,19.79,18010000.0,863280000.0
2024-07-23,WMT,566100000000.0,621160000000.0,30.21,29.24,3.19,0.87,6.96,0.94,15.13,2.88,4.24,6.92,23.46,657330000000.0,81.46,39750000000.0,18940000000.0,2.33,9400000000.0,1.17,66540000000.00001,75.36,0.8,10.1,0.5,66.76,58.65,15380000.0,8039999999.999999
2024-07-23,DIS,171600000000.0,211270000000.0,102.32,17.04,0.39,1.94,1.73,2.37,18.1,1.9,13.5,3.41,2.72,89200000000.0,48.72,16149999999.999998,1700000000.0,0.92,6630000000.0,3.64,46300000000.0,44.62,0.75,54.35,1.4,100.79,100.02,10320000.0,1820000000.0
2024-07-23,WM,89620000000.0,105400000000.0,36.57,31.25,2.99,4.38,12.65,5.09,18.22,11.98,19.66,7.84,35.3,20690000000.0,51.29,6090000000.0,2480000000.0,6.1,322000000.0,0.8,16100000000.000002,227.44,0.89,17.65,0.74,209.8,192.85,1730000.0,401080000.0
2024-07-23,WAT,18220000000.0,19940000000.0,30.18,26.04,2.99,6.26,14.5,6.86,20.46,20.75,22.62,13.21,65.02,2910000000.0,49.19,1010000000.0,603510000.0,10.17,338210000.0,5.7,2140000000.0,170.63,1.94,21.19,0.95,311.3,307.38,492240.0,59320000.0
2024-07-23,WEC,25910000000.0,44490000000.0,17.91,16.78,2.58,2.98,2.14,5.12,12.01,16.66,30.9,3.34,11.84,8690000000.0,27.53,3610000000.0,1450000000.0,4.58,38900000.0,0.12,18590000000.0,149.61,0.55,38.35,0.41,80.61,81.25,2030000.0,315820000.0
2024-07-23,WELL,64950000000.0,77150000000.0,126.31,81.3,2.66,8.67,2.36,11.42,30.41,6.36,18.42,1.87,1.84,6940000000.0,12.94,2720000000.0,441570000.0,0.86,2390000000.0,2.0,14610000000.0,51.16,2.74,46.62,1.18,103.24,92.93,2840000.0,597920000.0
2024-07-23,WST,23170000000.0,22870000000.0,41.96,42.37,5.74,8.14,8.64,7.81,27.99,19.42,18.06,11.4,20.84,2930000000.0,39.55,809600000.0,568700000.0,7.57,601800000.0,8.26,306600000.0,11.44,2.61,36.72,1.0,330.62,356.1,565950.0,72840000.0
2024-07-23,WY,22310000000.0,26530000000.0,27.82,38.31,7.81,2.95,2.22,3.5,15.81,10.57,10.64,3.86,7.97,7590000000.0,10.38,1530000000.0,802000000.0,1.1,871000000.0,1.2,5090000000.0,50.65,2.24,13.79,1.41,29.44,31.73,3620000.0,729020000.0
2024-07-23,WMB,54560000000.0,80820000000.0,18.35,22.83,10.29,5.16,4.4,7.63,10.89,28.4,36.8,4.76,21.23,10160000000.0,8.34,5980000000.0,2980000000.0,2.44,667000000.0,0.55,26890000000.0,180.09,0.52,10.18,1.08,41.7,37.41,5850000.0,1220000000.0
2024-07-23,WTW,27140000000.0,31890000000.0,26.81,16.31,1.14,2.91,2.86,3.33,15.92,10.88,19.01,4.02,10.66,9580000000.0,92.11,2480000000.0,1040000000.0,9.9,1890000000.0,18.52,6650000000.0,69.5,1.12,92.83,0.74,258.16,251.99,446040.0,102240000.0
2024-07-23,XEL,30970000000.0,59090000000.0,16.74,15.58,2.22,2.24,1.74,4.29,11.04,13.37,18.75,2.69,10.62,13770000000.0,24.9,5310000000.0,1840000000.0,3.33,535000000.0,0.96,28680000000.0,160.77,0.86,32.12,0.38,54.4,56.93,3450000.0,555640000.0
2024-07-23,XYL,33780000000.0,35210000000.0,48.38,32.89,2.36,4.1,3.31,4.43,27.75,8.34,10.72,4.88,9.61,7950000000.0,34.21,1440000000.0,663000000.0,2.88,947000000.0,3.91,2370000000.0,23.27,1.67,42.04,1.04,139.08,120.45,1250000.0,242450000.0
2024-07-23,ZBRA,16790000000.0,18940000000.0,64.67,27.86,0.97,3.88,5.3,4.35,32.72,5.99,14.47,4.41,8.61,4350000000.0,84.76,695000000.0,261000000.0,5.06,163000000.0,3.17,2310000000.0,72.96,0.99,61.65,1.66,314.11,271.03,323090.0,51420000.0
2024-07-23,ZBH,22700000000.0,28260000000.0,23.93,13.68,1.66,3.09,1.8,3.79,13.1,12.93,20.78,4.43,7.8,7450000000.0,35.89,2470000000.0,963900000.0,4.61,393000000.0,1.91,6000000000.0,47.63,1.66,61.24,1.01,111.89,117.37,1550000.0,205730000.0
2024-07-23,ZTS,82480000000.0,87280000000.0,34.83,31.35,3.11,9.54,16.31,9.99,23.48,27.38,36.58,13.99,50.05,8730000000.0,19.0,3570000000.0,2390000000.0,5.19,1980000000.0,4.33,6800000000.0,134.6,3.33,11.07,0.86,173.7,176.89,2580000.0,456300000.0
